"","Time.point","Date.collected","Treatment","Plant.mass..g","Tank","spp","Density"
"1","T0","2021-11-03","unburned",400,1,"chironomid",0
"2","T0","2021-11-03","unburned",400,1,"nauplii",0.75
"3","T0","2021-11-03","unburned",400,1,"kellicottia",1
"4","T0","2021-11-03","unburned",400,1,"keratella",0
"5","T0","2021-11-03","unburned",400,1,"cyclopoid",1.25
"6","T0","2021-11-03","unburned",400,1,"calanoid",0.25
"7","T0","2021-11-03","unburned",400,1,"daphnia",0
"8","T1","2021-11-15","unburned",400,1,"calanoid",0
"9","T1","2021-11-15","unburned",400,1,"cyclopoid",0
"10","T1","2021-11-15","unburned",400,1,"chironomid",4.54545454545455
"11","T1","2021-11-15","unburned",400,1,"nauplii",0.909090909090909
"12","T1","2021-11-15","unburned",400,1,"kellicottia",0
"13","T1","2021-11-15","unburned",400,1,"keratella",0
"14","T1","2021-11-15","unburned",400,1,"mosquito",27.2727272727273
"15","T1","2021-11-15","unburned",400,1,"daphnia",0
"16","T2","2021-12-06","unburned",400,1,"calanoid",0
"17","T2","2021-12-06","unburned",400,1,"cyclopoid",0.552486187845304
"18","T2","2021-12-06","unburned",400,1,"chironomid",0
"19","T2","2021-12-06","unburned",400,1,"nauplii",0
"20","T2","2021-12-06","unburned",400,1,"kellicottia",0
"21","T2","2021-12-06","unburned",400,1,"keratella",0
"22","T2","2021-12-06","unburned",400,1,"bosmina",0
"23","T2","2021-12-06","unburned",400,1,"ceriodaphnia",0
"24","T2","2021-12-06","unburned",400,1,"daphnia",0
"25","T2","2021-12-06","unburned",400,1,"mosquito",32.8729281767956
"26","T3","2022-01-03","unburned",400,1,"calanoid",0
"27","T3","2022-01-03","unburned",400,1,"cyclopoid",0
"28","T3","2022-01-03","unburned",400,1,"chironomid",0
"29","T3","2022-01-03","unburned",400,1,"nauplii",0
"30","T3","2022-01-03","unburned",400,1,"kellicottia",0
"31","T3","2022-01-03","unburned",400,1,"keratella",0
"32","T3","2022-01-03","unburned",400,1,"daphnia",0
"33","T3","2022-01-03","unburned",400,1,"mosquito",19.1747572815534
"34","T3","2022-01-03","unburned",400,1,"mayfly",0.242718446601942
"35","T4","2022-02-01","unburned",400,1,"calanoid",0
"36","T4","2022-02-01","unburned",400,1,"cyclopoid",0.25
"37","T4","2022-02-01","unburned",400,1,"chironomid",0
"38","T4","2022-02-01","unburned",400,1,"nauplii",0.5
"39","T4","2022-02-01","unburned",400,1,"ephipium",0
"40","T4","2022-02-01","unburned",400,1,"keratella",0
"41","T4","2022-02-01","unburned",400,1,"bosmina",0
"42","T4","2022-02-01","unburned",400,1,"ceriodaphnia",0
"43","T4","2022-02-01","unburned",400,1,"daphnia",5.25
"44","T4","2022-02-01","unburned",400,1,"mosquito",4.25
"45","T0","2021-11-03","burned",0,2,"chironomid",0
"46","T0","2021-11-03","burned",0,2,"calanoid",0
"47","T0","2021-11-03","burned",0,2,"cyclopoid",0.251256281407035
"48","T0","2021-11-03","burned",0,2,"nauplii",0.50251256281407
"49","T0","2021-11-03","burned",0,2,"asplanchna",0
"50","T0","2021-11-03","burned",0,2,"bosmina",0
"51","T0","2021-11-03","burned",0,2,"ceriodaphnia",0
"52","T0","2021-11-03","burned",0,2,"daphnia",0
"53","T0","2021-11-03","burned",0,2,"unknown 1",0.251256281407035
"54","T0","2021-11-03","burned",0,2,"calanoid",0
"55","T0","2021-11-03","burned",0,2,"cyclopoid",0.251256281407035
"56","T0","2021-11-03","burned",0,2,"keratella",0.753768844221106
"57","T0","2021-11-03","burned",0,2,"kellicottia",0.753768844221106
"58","T0","2021-11-03","burned",0,2,"daphnia",0.251256281407035
"59","T0","2021-11-03","burned",0,2,"kellicottia",0
"60","T0","2021-11-03","burned",0,2,"keratella",7.28643216080402
"61","T0","2021-11-03","burned",0,2,"nauplii",0
"62","T0","2021-11-03","burned",0,2,"chironomid",0
"63","T0","2021-11-03","burned",0,2,"calanoid",0
"64","T0","2021-11-03","burned",0,2,"cyclopoid",0
"65","T0","2021-11-03","burned",0,2,"nauplii",0.50251256281407
"66","T0","2021-11-03","burned",0,2,"keratella",0
"67","T0","2021-11-03","burned",0,2,"kellicottia",0
"68","T0","2021-11-03","burned",0,2,"chironomid",1.00502512562814
"69","T1","2021-11-15","burned",0,2,"calanoid",0
"70","T1","2021-11-15","burned",0,2,"cyclopoid",0
"71","T1","2021-11-15","burned",0,2,"nauplii",0
"72","T1","2021-11-15","burned",0,2,"chironomid",0
"73","T1","2021-11-15","burned",0,2,"keratella",0
"74","T1","2021-11-15","burned",0,2,"kellicottia",0.506329113924051
"75","T1","2021-11-15","burned",0,2,"asplanchna",0
"76","T1","2021-11-15","burned",0,2,"bosmina",0.253164556962025
"77","T1","2021-11-15","burned",0,2,"ceriodaphnia",1.77215189873418
"78","T1","2021-11-15","burned",0,2,"unknown 2",0.253164556962025
"79","T1","2021-11-15","burned",0,2,"unknown 1",0.506329113924051
"80","T1","2021-11-15","burned",0,2,"daphnia",0.253164556962025
"81","T2","2021-12-06","burned",0,2,"calanoid",0.558659217877095
"82","T2","2021-12-06","burned",0,2,"cyclopoid",0.279329608938547
"83","T2","2021-12-06","burned",0,2,"chironomid",0
"84","T2","2021-12-06","burned",0,2,"nauplii",0
"85","T2","2021-12-06","burned",0,2,"kellicottia",0
"86","T2","2021-12-06","burned",0,2,"keratella",0
"87","T2","2021-12-06","burned",0,2,"bosmina",0
"88","T2","2021-12-06","burned",0,2,"ceriodaphnia",0.279329608938547
"89","T2","2021-12-06","burned",0,2,"daphnia",4.74860335195531
"90","T2","2021-12-06","burned",0,2,"mosquito",0.558659217877095
"91","T3","2022-01-03","burned",0,2,"calanoid",0.174825174825175
"92","T3","2022-01-03","burned",0,2,"cyclopoid",0.174825174825175
"93","T3","2022-01-03","burned",0,2,"chironomid",0
"94","T3","2022-01-03","burned",0,2,"nauplii",2.44755244755245
"95","T3","2022-01-03","burned",0,2,"kellicottia",0
"96","T3","2022-01-03","burned",0,2,"keratella",0
"97","T3","2022-01-03","burned",0,2,"daphnia",6.11888111888112
"98","T3","2022-01-03","burned",0,2,"mosquito",0
"99","T3","2022-01-03","burned",0,2,"mayfly",0
"100","T4","2022-02-01","burned",0,2,"calanoid",0
"101","T4","2022-02-01","burned",0,2,"cyclopoid",0
"102","T4","2022-02-01","burned",0,2,"chironomid",0
"103","T4","2022-02-01","burned",0,2,"nauplii",0.26525198938992
"104","T4","2022-02-01","burned",0,2,"ephipium",0
"105","T4","2022-02-01","burned",0,2,"keratella",0
"106","T4","2022-02-01","burned",0,2,"bosmina",0
"107","T4","2022-02-01","burned",0,2,"ceriodaphnia",0
"108","T4","2022-02-01","burned",0,2,"daphnia",6.89655172413793
"109","T4","2022-02-01","burned",0,2,"mosquito",0
"110","T0","2021-11-03","unburned",300,3,"bursted daphnia",0
"111","T0","2021-11-03","unburned",300,3,"ceriodaphnia",0
"112","T0","2021-11-03","unburned",300,3,"daphnia",0
"113","T0","2021-11-03","unburned",300,3,"calanoid",0
"114","T0","2021-11-03","unburned",300,3,"cyclopoid",0.964630225080386
"115","T0","2021-11-03","unburned",300,3,"chironomid",0
"116","T0","2021-11-03","unburned",300,3,"caterpillars",2.57234726688103
"117","T0","2021-11-03","unburned",300,3,"nauplii",0.321543408360129
"118","T0","2021-11-03","unburned",300,3,"kellicottia",0
"119","T0","2021-11-03","unburned",300,3,"keratella",0
"120","T1","2021-11-15","unburned",300,3,"calanoid",0
"121","T1","2021-11-15","unburned",300,3,"cyclopoid",0
"122","T1","2021-11-15","unburned",300,3,"chironomid",0
"123","T1","2021-11-15","unburned",300,3,"nauplii",0
"124","T1","2021-11-15","unburned",300,3,"kellicottia",0
"125","T1","2021-11-15","unburned",300,3,"keratella",0
"126","T1","2021-11-15","unburned",300,3,"caterpillars",0.495049504950495
"127","T1","2021-11-15","unburned",300,3,"ceriodaphnia",0
"128","T1","2021-11-15","unburned",300,3,"daphnia",0.495049504950495
"129","T1","2021-11-15","unburned",300,3,"mosquito",10.3960396039604
"130","T2","2021-12-06","unburned",300,3,"calanoid",0
"131","T2","2021-12-06","unburned",300,3,"cyclopoid",0.317460317460317
"132","T2","2021-12-06","unburned",300,3,"chironomid",0
"133","T2","2021-12-06","unburned",300,3,"nauplii",0
"134","T2","2021-12-06","unburned",300,3,"kellicottia",0
"135","T2","2021-12-06","unburned",300,3,"keratella",0
"136","T2","2021-12-06","unburned",300,3,"bosmina",0
"137","T2","2021-12-06","unburned",300,3,"ceriodaphnia",0
"138","T2","2021-12-06","unburned",300,3,"daphnia",0.317460317460317
"139","T2","2021-12-06","unburned",300,3,"mosquito",14.6031746031746
"140","T3","2022-01-03","unburned",300,3,"calanoid",0
"141","T3","2022-01-03","unburned",300,3,"cyclopoid",0
"142","T3","2022-01-03","unburned",300,3,"chironomid",0.219298245614035
"143","T3","2022-01-03","unburned",300,3,"nauplii",0.219298245614035
"144","T3","2022-01-03","unburned",300,3,"kellicottia",0
"145","T3","2022-01-03","unburned",300,3,"keratella",0
"146","T3","2022-01-03","unburned",300,3,"daphnia",0.219298245614035
"147","T3","2022-01-03","unburned",300,3,"mosquito",3.94736842105263
"148","T3","2022-01-03","unburned",300,3,"mayfly",0
"149","T4","2022-02-01","unburned",300,3,"calanoid",0
"150","T4","2022-02-01","unburned",300,3,"cyclopoid",0
"151","T4","2022-02-01","unburned",300,3,"chironomid",0
"152","T4","2022-02-01","unburned",300,3,"nauplii",1.0498687664042
"153","T4","2022-02-01","unburned",300,3,"ephipium",0
"154","T4","2022-02-01","unburned",300,3,"keratella",0
"155","T4","2022-02-01","unburned",300,3,"bosmina",0
"156","T4","2022-02-01","unburned",300,3,"ceriodaphnia",0
"157","T4","2022-02-01","unburned",300,3,"daphnia",7.61154855643045
"158","T4","2022-02-01","unburned",300,3,"mosquito",3.6745406824147
"159","T0","2021-11-03","burned",5,4,NA,NA
"160","T1","2021-11-15","burned",5,4,"calanoid",0.268096514745308
"161","T1","2021-11-15","burned",5,4,"cyclopoid",4.28954423592493
"162","T1","2021-11-15","burned",5,4,"chironomid",0
"163","T1","2021-11-15","burned",5,4,"nauplii",0.268096514745308
"164","T1","2021-11-15","burned",5,4,"kellicottia",0
"165","T1","2021-11-15","burned",5,4,"keratella",0
"166","T1","2021-11-15","burned",5,4,"caterpillars",1.87667560321716
"167","T1","2021-11-15","burned",5,4,"ceriodaphnia",0
"168","T1","2021-11-15","burned",5,4,"daphnia",0
"169","T1","2021-11-15","burned",5,4,"bursted daphnia",0
"170","T2","2021-12-06","burned",5,4,"calanoid",1.25
"171","T2","2021-12-06","burned",5,4,"cyclopoid",0
"172","T2","2021-12-06","burned",5,4,"chironomid",0
"173","T2","2021-12-06","burned",5,4,"nauplii",0
"174","T2","2021-12-06","burned",5,4,"kellicottia",0
"175","T2","2021-12-06","burned",5,4,"keratella",0
"176","T2","2021-12-06","burned",5,4,"bosmina",0
"177","T2","2021-12-06","burned",5,4,"ceriodaphnia",0
"178","T2","2021-12-06","burned",5,4,"daphnia",16
"179","T2","2021-12-06","burned",5,4,"mosquito",1.75
"180","T3","2022-01-03","burned",5,4,"calanoid",0
"181","T3","2022-01-03","burned",5,4,"cyclopoid",0
"182","T3","2022-01-03","burned",5,4,"chironomid",0
"183","T3","2022-01-03","burned",5,4,"nauplii",1.87667560321716
"184","T3","2022-01-03","burned",5,4,"kellicottia",0
"185","T3","2022-01-03","burned",5,4,"keratella",0
"186","T3","2022-01-03","burned",5,4,"daphnia",0.536193029490617
"187","T3","2022-01-03","burned",5,4,"mosquito",0.536193029490617
"188","T3","2022-01-03","burned",5,4,"mayfly",0
"189","T4","2022-02-01","burned",5,4,"calanoid",0
"190","T4","2022-02-01","burned",5,4,"cyclopoid",0
"191","T4","2022-02-01","burned",5,4,"chironomid",0
"192","T4","2022-02-01","burned",5,4,"nauplii",0
"193","T4","2022-02-01","burned",5,4,"ephipium",0
"194","T4","2022-02-01","burned",5,4,"keratella",0
"195","T4","2022-02-01","burned",5,4,"bosmina",0
"196","T4","2022-02-01","burned",5,4,"ceriodaphnia",0
"197","T4","2022-02-01","burned",5,4,"daphnia",0.241545893719807
"198","T4","2022-02-01","burned",5,4,"mosquito",0
"199","T0","2021-11-03","unburned",250,5,"kellicottia",0
"200","T0","2021-11-03","unburned",250,5,"keratella",0
"201","T0","2021-11-03","unburned",250,5,"caterpillars",0.531914893617021
"202","T0","2021-11-03","unburned",250,5,"ceriodaphnia",0
"203","T0","2021-11-03","unburned",250,5,"daphnia",0
"204","T0","2021-11-03","unburned",250,5,"bursted daphnia",0.797872340425532
"205","T0","2021-11-03","unburned",250,5,"cyclopoid",0
"206","T0","2021-11-03","unburned",250,5,"chironomid",0
"207","T0","2021-11-03","unburned",250,5,"nauplii",0
"208","T0","2021-11-03","unburned",250,5,"calanoid",0
"209","T1","2021-11-15","unburned",250,5,"calanoid",0
"210","T1","2021-11-15","unburned",250,5,"cyclopoid",0
"211","T1","2021-11-15","unburned",250,5,"chironomid",0
"212","T1","2021-11-15","unburned",250,5,"nauplii",0
"213","T1","2021-11-15","unburned",250,5,"kellicottia",0
"214","T1","2021-11-15","unburned",250,5,"keratella",0
"215","T1","2021-11-15","unburned",250,5,"daphnia",0
"216","T2","2021-12-06","unburned",250,5,"calanoid",1.34770889487871
"217","T2","2021-12-06","unburned",250,5,"cyclopoid",0
"218","T2","2021-12-06","unburned",250,5,"chironomid",0
"219","T2","2021-12-06","unburned",250,5,"nauplii",0
"220","T2","2021-12-06","unburned",250,5,"p bugs",0.269541778975741
"221","T2","2021-12-06","unburned",250,5,"keratella",0
"222","T2","2021-12-06","unburned",250,5,"bosmina",0
"223","T2","2021-12-06","unburned",250,5,"ceriodaphnia",0
"224","T2","2021-12-06","unburned",250,5,"daphnia",1.61725067385445
"225","T2","2021-12-06","unburned",250,5,"mosquito",5.39083557951482
"226","T3","2022-01-03","unburned",250,5,"calanoid",0
"227","T3","2022-01-03","unburned",250,5,"cyclopoid",0.426439232409382
"228","T3","2022-01-03","unburned",250,5,"chironomid",0
"229","T3","2022-01-03","unburned",250,5,"nauplii",0.426439232409382
"230","T3","2022-01-03","unburned",250,5,"kellicottia",0
"231","T3","2022-01-03","unburned",250,5,"keratella",0
"232","T3","2022-01-03","unburned",250,5,"daphnia",0
"233","T3","2022-01-03","unburned",250,5,"mosquito",1.27931769722815
"234","T3","2022-01-03","unburned",250,5,"mayfly",0
"235","T4","2022-02-01","unburned",250,5,"calanoid",0
"236","T4","2022-02-01","unburned",250,5,"cyclopoid",0
"237","T4","2022-02-01","unburned",250,5,"chironomid",0
"238","T4","2022-02-01","unburned",250,5,"nauplii",0
"239","T4","2022-02-01","unburned",250,5,"ephipium",0
"240","T4","2022-02-01","unburned",250,5,"keratella",0
"241","T4","2022-02-01","unburned",250,5,"bosmina",0
"242","T4","2022-02-01","unburned",250,5,"ceriodaphnia",2.5974025974026
"243","T4","2022-02-01","unburned",250,5,"daphnia",29.8701298701299
"244","T4","2022-02-01","unburned",250,5,"mosquito",1.55844155844156
"245","T0","2021-11-03","burned",10,6,"chironomid",0
"246","T0","2021-11-03","burned",10,6,"daphnia",0.251889168765743
"247","T0","2021-11-03","burned",10,6,"keratella",0.503778337531486
"248","T0","2021-11-03","burned",10,6,"nauplii",0.251889168765743
"249","T0","2021-11-03","burned",10,6,"calanoid",0.251889168765743
"250","T0","2021-11-03","burned",10,6,"cyclopoid",0
"251","T0","2021-11-03","burned",10,6,"kellicottia",1.00755667506297
"252","T1","2021-11-15","burned",10,6,"calanoid",0
"253","T1","2021-11-15","burned",10,6,"cyclopoid",2.17983651226158
"254","T1","2021-11-15","burned",10,6,"chironomid",0
"255","T1","2021-11-15","burned",10,6,"nauplii",0
"256","T1","2021-11-15","burned",10,6,"kellicottia",0
"257","T1","2021-11-15","burned",10,6,"keratella",0
"258","T1","2021-11-15","burned",10,6,"bosmina",0.272479564032698
"259","T1","2021-11-15","burned",10,6,"ceriodaphnia",0
"260","T1","2021-11-15","burned",10,6,"daphnia",5.99455040871935
"261","T1","2021-11-15","burned",10,6,"mosquito",0
"262","T2","2021-12-06","burned",10,6,"calanoid",0
"263","T2","2021-12-06","burned",10,6,"cyclopoid",0
"264","T2","2021-12-06","burned",10,6,"chironomid",0.255754475703325
"265","T2","2021-12-06","burned",10,6,"nauplii",0.51150895140665
"266","T2","2021-12-06","burned",10,6,"p bugs",1.0230179028133
"267","T2","2021-12-06","burned",10,6,"keratella",0
"268","T2","2021-12-06","burned",10,6,"bosmina",0.255754475703325
"269","T2","2021-12-06","burned",10,6,"ceriodaphnia",0.51150895140665
"270","T2","2021-12-06","burned",10,6,"daphnia",9.20716112531969
"271","T2","2021-12-06","burned",10,6,"mosquito",0.255754475703325
"272","T3","2022-01-03","burned",10,6,"calanoid",0.171821305841924
"273","T3","2022-01-03","burned",10,6,"cyclopoid",0
"274","T3","2022-01-03","burned",10,6,"chironomid",0
"275","T3","2022-01-03","burned",10,6,"nauplii",3.26460481099656
"276","T3","2022-01-03","burned",10,6,"kellicottia",0
"277","T3","2022-01-03","burned",10,6,"keratella",0
"278","T3","2022-01-03","burned",10,6,"daphnia",5.15463917525773
"279","T3","2022-01-03","burned",10,6,"mosquito",0.515463917525773
"280","T3","2022-01-03","burned",10,6,"mayfly",0
"281","T4","2022-02-01","burned",10,6,"calanoid",0.75
"282","T4","2022-02-01","burned",10,6,"cyclopoid",0
"283","T4","2022-02-01","burned",10,6,"chironomid",0
"284","T4","2022-02-01","burned",10,6,"nauplii",1
"285","T4","2022-02-01","burned",10,6,"ephipium",1.5
"286","T4","2022-02-01","burned",10,6,"mayfly",0.75
"287","T4","2022-02-01","burned",10,6,"bosmina",0
"288","T4","2022-02-01","burned",10,6,"ceriodaphnia",0
"289","T4","2022-02-01","burned",10,6,"daphnia",1
"290","T4","2022-02-01","burned",10,6,"mosquito",0
"291","T0","2021-11-03","unburned",225,7,"cyclopoid",0.278551532033426
"292","T0","2021-11-03","unburned",225,7,"nauplii",0
"293","T0","2021-11-03","unburned",225,7,"kellicottia",1.1142061281337
"294","T0","2021-11-03","unburned",225,7,"daphnia",0
"295","T0","2021-11-03","unburned",225,7,"keratella",0.835654596100279
"296","T0","2021-11-03","unburned",225,7,"calanoid",0.278551532033426
"297","T0","2021-11-03","unburned",225,7,"chironomid",0
"298","T1","2021-11-15","unburned",225,7,"calanoid",0
"299","T1","2021-11-15","unburned",225,7,"cyclopoid",0.503778337531486
"300","T1","2021-11-15","unburned",225,7,"chironomid",0
"301","T1","2021-11-15","unburned",225,7,"nauplii",0
"302","T1","2021-11-15","unburned",225,7,"kellicottia",0
"303","T1","2021-11-15","unburned",225,7,"keratella",0
"304","T1","2021-11-15","unburned",225,7,"slug",0.251889168765743
"305","T1","2021-11-15","unburned",225,7,"ceriodaphnia",0
"306","T1","2021-11-15","unburned",225,7,"daphnia",0
"307","T1","2021-11-15","unburned",225,7,"mosquito",3.5264483627204
"308","T2","2021-12-06","unburned",225,7,"calanoid",0.294985250737463
"309","T2","2021-12-06","unburned",225,7,"cyclopoid",0
"310","T2","2021-12-06","unburned",225,7,"chironomid",0
"311","T2","2021-12-06","unburned",225,7,"nauplii",0
"312","T2","2021-12-06","unburned",225,7,"ephipium",0.294985250737463
"313","T2","2021-12-06","unburned",225,7,"keratella",0
"314","T2","2021-12-06","unburned",225,7,"bosmina",0
"315","T2","2021-12-06","unburned",225,7,"ceriodaphnia",1.17994100294985
"316","T2","2021-12-06","unburned",225,7,"daphnia",21.8289085545723
"317","T2","2021-12-06","unburned",225,7,"mosquito",22.1238938053097
"318","T3","2022-01-03","unburned",225,7,"calanoid",0
"319","T3","2022-01-03","unburned",225,7,"cyclopoid",0.251889168765743
"320","T3","2022-01-03","unburned",225,7,"chironomid",0
"321","T3","2022-01-03","unburned",225,7,"nauplii",2.51889168765743
"322","T3","2022-01-03","unburned",225,7,"kellicottia",0
"323","T3","2022-01-03","unburned",225,7,"keratella",0
"324","T3","2022-01-03","unburned",225,7,"daphnia",3.27455919395466
"325","T3","2022-01-03","unburned",225,7,"mosquito",2.77078085642317
"326","T3","2022-01-03","unburned",225,7,"mayfly",0
"327","T4","2022-02-01","unburned",225,7,"calanoid",0
"328","T4","2022-02-01","unburned",225,7,"cyclopoid",0.591715976331361
"329","T4","2022-02-01","unburned",225,7,"chironomid",0
"330","T4","2022-02-01","unburned",225,7,"nauplii",0.29585798816568
"331","T4","2022-02-01","unburned",225,7,"ephipium",0.591715976331361
"332","T4","2022-02-01","unburned",225,7,"keratella",0
"333","T4","2022-02-01","unburned",225,7,"worm things",0.887573964497041
"334","T4","2022-02-01","unburned",225,7,"ceriodaphnia",0.29585798816568
"335","T4","2022-02-01","unburned",225,7,"daphnia",38.4615384615385
"336","T4","2022-02-01","unburned",225,7,"mosquito",2.36686390532544
"337","T0","2021-11-03","burned",25,8,"keratella",0.25
"338","T0","2021-11-03","burned",25,8,"kellicottia",0
"339","T0","2021-11-03","burned",25,8,"chironomid",0
"340","T0","2021-11-03","burned",25,8,"ceriodaphnia",0.25
"341","T0","2021-11-03","burned",25,8,"caterpillars",0.5
"342","T0","2021-11-03","burned",25,8,"nauplii",0
"343","T0","2021-11-03","burned",25,8,"calanoid",0.25
"344","T0","2021-11-03","burned",25,8,"cyclopoid",0.25
"345","T1","2021-11-15","burned",25,8,"calanoid",2.05655526992288
"346","T1","2021-11-15","burned",25,8,"cyclopoid",6.16966580976864
"347","T1","2021-11-15","burned",25,8,"chironomid",0
"348","T1","2021-11-15","burned",25,8,"nauplii",1.54241645244216
"349","T1","2021-11-15","burned",25,8,"kellicottia",0.25706940874036
"350","T1","2021-11-15","burned",25,8,"keratella",0
"351","T1","2021-11-15","burned",25,8,"daphnia",8.9974293059126
"352","T2","2021-12-06","burned",25,8,"calanoid",1.77514792899408
"353","T2","2021-12-06","burned",25,8,"cyclopoid",0.591715976331361
"354","T2","2021-12-06","burned",25,8,"chironomid",0.591715976331361
"355","T2","2021-12-06","burned",25,8,"nauplii",0.29585798816568
"356","T2","2021-12-06","burned",25,8,"ephipium",0
"357","T2","2021-12-06","burned",25,8,"keratella",0
"358","T2","2021-12-06","burned",25,8,"bosmina",0
"359","T2","2021-12-06","burned",25,8,"ceriodaphnia",1.18343195266272
"360","T2","2021-12-06","burned",25,8,"daphnia",14.4970414201183
"361","T2","2021-12-06","burned",25,8,"mosquito",0.29585798816568
"362","T3","2022-01-03","burned",25,8,"calanoid",0.757575757575758
"363","T3","2022-01-03","burned",25,8,"cyclopoid",0
"364","T3","2022-01-03","burned",25,8,"chironomid",0
"365","T3","2022-01-03","burned",25,8,"nauplii",1.26262626262626
"366","T3","2022-01-03","burned",25,8,"kellicottia",0
"367","T3","2022-01-03","burned",25,8,"keratella",0
"368","T3","2022-01-03","burned",25,8,"daphnia",2.77777777777778
"369","T3","2022-01-03","burned",25,8,"mosquito",0.252525252525253
"370","T3","2022-01-03","burned",25,8,"mayfly",0
"371","T4","2022-02-01","burned",25,8,"calanoid",0.75
"372","T4","2022-02-01","burned",25,8,"cyclopoid",0
"373","T4","2022-02-01","burned",25,8,"nauplii",4.25
"374","T4","2022-02-01","burned",25,8,"chironomid",0
"375","T4","2022-02-01","burned",25,8,"keratella",0
"376","T4","2022-02-01","burned",25,8,"kellicottia",0
"377","T4","2022-02-01","burned",25,8,"asplanchna",0
"378","T4","2022-02-01","burned",25,8,"bosmina",0
"379","T4","2022-02-01","burned",25,8,"ceriodaphnia",0
"380","T4","2022-02-01","burned",25,8,"daphnia",1.25
"381","T4","2022-02-01","burned",25,8,"mosquito",2.75
"382","T4","2022-02-01","burned",25,8,"ephipium",2.25
"383","T4","2022-02-01","burned",25,8,"worm",0.25
"384","T4","2022-02-01","burned",25,8,"mite",0.25
"385","T0","2021-11-03","unburned",200,9,"chironomid",0
"386","T0","2021-11-03","unburned",200,9,"keratella",0
"387","T0","2021-11-03","unburned",200,9,"nauplii",0
"388","T0","2021-11-03","unburned",200,9,"cyclopoid",1.06100795755968
"389","T0","2021-11-03","unburned",200,9,"calanoid",0.530503978779841
"390","T0","2021-11-03","unburned",200,9,"ceriodaphnia",0
"391","T0","2021-11-03","unburned",200,9,"kellicottia",0.26525198938992
"392","T1","2021-11-15","unburned",200,9,"calanoid",0.298507462686567
"393","T1","2021-11-15","unburned",200,9,"cyclopoid",0.298507462686567
"394","T1","2021-11-15","unburned",200,9,"chironomid",0
"395","T1","2021-11-15","unburned",200,9,"nauplii",0
"396","T1","2021-11-15","unburned",200,9,"kellicottia",0
"397","T1","2021-11-15","unburned",200,9,"keratella",0
"398","T1","2021-11-15","unburned",200,9,"daphnia",1.49253731343284
"399","T2","2021-12-06","unburned",200,9,"calanoid",0.357142857142857
"400","T2","2021-12-06","unburned",200,9,"cyclopoid",0
"401","T2","2021-12-06","unburned",200,9,"chironomid",0.714285714285714
"402","T2","2021-12-06","unburned",200,9,"nauplii",0
"403","T2","2021-12-06","unburned",200,9,"ephipium",0
"404","T2","2021-12-06","unburned",200,9,"keratella",0
"405","T2","2021-12-06","unburned",200,9,"bosmina",0
"406","T2","2021-12-06","unburned",200,9,"ceriodaphnia",0.357142857142857
"407","T2","2021-12-06","unburned",200,9,"daphnia",0.357142857142857
"408","T2","2021-12-06","unburned",200,9,"mosquito",10
"409","T3","2022-01-03","unburned",200,9,"calanoid",0
"410","T3","2022-01-03","unburned",200,9,"cyclopoid",0
"411","T3","2022-01-03","unburned",200,9,"chironomid",0
"412","T3","2022-01-03","unburned",200,9,"nauplii",0
"413","T3","2022-01-03","unburned",200,9,"kellicottia",0
"414","T3","2022-01-03","unburned",200,9,"keratella",0
"415","T3","2022-01-03","unburned",200,9,"daphnia",0
"416","T3","2022-01-03","unburned",200,9,"mosquito",1.0840108401084
"417","T3","2022-01-03","unburned",200,9,"mayfly",0
"418","T4","2022-02-01","unburned",200,9,"calanoid",0
"419","T4","2022-02-01","unburned",200,9,"cyclopoid",0.252525252525253
"420","T4","2022-02-01","unburned",200,9,"chironomid",0.757575757575758
"421","T4","2022-02-01","unburned",200,9,"nauplii",1.26262626262626
"422","T4","2022-02-01","unburned",200,9,"ephipium",1.26262626262626
"423","T4","2022-02-01","unburned",200,9,"keratella",0
"424","T4","2022-02-01","unburned",200,9,"bosmina",0
"425","T4","2022-02-01","unburned",200,9,"ceriodaphnia",0
"426","T4","2022-02-01","unburned",200,9,"daphnia",0.505050505050505
"427","T4","2022-02-01","unburned",200,9,"mosquito",4.54545454545455
"428","T0","2021-11-03","burned",50,10,NA,NA
"429","T1","2021-11-15","burned",50,10,"calanoid",6.75
"430","T1","2021-11-15","burned",50,10,"cyclopoid",8
"431","T1","2021-11-15","burned",50,10,"chironomid",0
"432","T1","2021-11-15","burned",50,10,"nauplii",0.75
"433","T1","2021-11-15","burned",50,10,"kellicottia",0
"434","T1","2021-11-15","burned",50,10,"keratella",0
"435","T1","2021-11-15","burned",50,10,"daphnia",12.75
"436","T2","2021-12-06","burned",50,10,"calanoid",1.81818181818182
"437","T2","2021-12-06","burned",50,10,"cyclopoid",0.25974025974026
"438","T2","2021-12-06","burned",50,10,"chironomid",1.03896103896104
"439","T2","2021-12-06","burned",50,10,"nauplii",0.25974025974026
"440","T2","2021-12-06","burned",50,10,"ephipium",1.03896103896104
"441","T2","2021-12-06","burned",50,10,"keratella",0
"442","T2","2021-12-06","burned",50,10,"bosmina",0
"443","T2","2021-12-06","burned",50,10,"ceriodaphnia",0
"444","T2","2021-12-06","burned",50,10,"daphnia",14.025974025974
"445","T2","2021-12-06","burned",50,10,"mosquito",1.03896103896104
"446","T3","2022-01-03","burned",50,10,"calanoid",0.662251655629139
"447","T3","2022-01-03","burned",50,10,"cyclopoid",0
"448","T3","2022-01-03","burned",50,10,"chironomid",0
"449","T3","2022-01-03","burned",50,10,"nauplii",7.72626931567329
"450","T3","2022-01-03","burned",50,10,"ephipium",1.32450331125828
"451","T3","2022-01-03","burned",50,10,"keratella",0
"452","T3","2022-01-03","burned",50,10,"bosmina",0
"453","T3","2022-01-03","burned",50,10,"ceriodaphnia",0
"454","T3","2022-01-03","burned",50,10,"daphnia",4.63576158940397
"455","T3","2022-01-03","burned",50,10,"mosquito",0
"456","T4","2022-02-01","burned",50,10,"calanoid",1.5
"457","T4","2022-02-01","burned",50,10,"cyclopoid",0
"458","T4","2022-02-01","burned",50,10,"chironomid",0
"459","T4","2022-02-01","burned",50,10,"nauplii",2.5
"460","T4","2022-02-01","burned",50,10,"ephipium",3.75
"461","T4","2022-02-01","burned",50,10,"keratella",0
"462","T4","2022-02-01","burned",50,10,"bosmina",0
"463","T4","2022-02-01","burned",50,10,"ceriodaphnia",0.25
"464","T4","2022-02-01","burned",50,10,"daphnia",19
"465","T4","2022-02-01","burned",50,10,"mosquito",0.5
"466","T0","2021-11-03","unburned",175,11,NA,NA
"467","T1","2021-11-15","unburned",175,11,"calanoid",0
"468","T1","2021-11-15","unburned",175,11,"cyclopoid",0
"469","T1","2021-11-15","unburned",175,11,"chironomid",0
"470","T1","2021-11-15","unburned",175,11,"nauplii",0
"471","T1","2021-11-15","unburned",175,11,"kellicottia",0
"472","T1","2021-11-15","unburned",175,11,"keratella",0
"473","T1","2021-11-15","unburned",175,11,"bosmina",0
"474","T1","2021-11-15","unburned",175,11,"ceriodaphnia",0
"475","T1","2021-11-15","unburned",175,11,"daphnia",1.25
"476","T1","2021-11-15","unburned",175,11,"mosquito",0.75
"477","T2","2021-12-06","unburned",175,11,"calanoid",0
"478","T2","2021-12-06","unburned",175,11,"cyclopoid",0.290697674418605
"479","T2","2021-12-06","unburned",175,11,"chironomid",0
"480","T2","2021-12-06","unburned",175,11,"nauplii",0
"481","T2","2021-12-06","unburned",175,11,"kellicottia",0
"482","T2","2021-12-06","unburned",175,11,"keratella",0
"483","T2","2021-12-06","unburned",175,11,"bosmina",0
"484","T2","2021-12-06","unburned",175,11,"ceriodaphnia",0.290697674418605
"485","T2","2021-12-06","unburned",175,11,"daphnia",5.52325581395349
"486","T2","2021-12-06","unburned",175,11,"mosquito",4.06976744186047
"487","T3","2022-01-03","unburned",175,11,"calanoid",0
"488","T3","2022-01-03","unburned",175,11,"cyclopoid",0.213675213675214
"489","T3","2022-01-03","unburned",175,11,"chironomid",0
"490","T3","2022-01-03","unburned",175,11,"nauplii",1.06837606837607
"491","T3","2022-01-03","unburned",175,11,"ephipium",0.213675213675214
"492","T3","2022-01-03","unburned",175,11,"keratella",0
"493","T3","2022-01-03","unburned",175,11,"bosmina",0
"494","T3","2022-01-03","unburned",175,11,"ceriodaphnia",0
"495","T3","2022-01-03","unburned",175,11,"daphnia",0.427350427350427
"496","T3","2022-01-03","unburned",175,11,"mosquito",1.70940170940171
"497","T4","2022-02-01","unburned",175,11,"calanoid",0
"498","T4","2022-02-01","unburned",175,11,"cyclopoid",0
"499","T4","2022-02-01","unburned",175,11,"chironomid",0.25
"500","T4","2022-02-01","unburned",175,11,"nauplii",0.5
"501","T4","2022-02-01","unburned",175,11,"ephipium",1.25
"502","T4","2022-02-01","unburned",175,11,"keratella",0
"503","T4","2022-02-01","unburned",175,11,"bosmina",0
"504","T4","2022-02-01","unburned",175,11,"ceriodaphnia",0.25
"505","T4","2022-02-01","unburned",175,11,"daphnia",6.5
"506","T4","2022-02-01","unburned",175,11,"mosquito",0.5
"507","T0","2021-11-03","burned",75,12,"calanoid",0
"508","T0","2021-11-03","burned",75,12,"cyclopoid",0.819672131147541
"509","T0","2021-11-03","burned",75,12,"nauplii",0
"510","T0","2021-11-03","burned",75,12,"chironomid",0
"511","T0","2021-11-03","burned",75,12,"keratella",0
"512","T0","2021-11-03","burned",75,12,"kellicottia",0
"513","T0","2021-11-03","burned",75,12,"daphnia",0
"514","T0","2021-11-03","burned",75,12,"calanoid",0
"515","T0","2021-11-03","burned",75,12,"cyclopoid",0.546448087431694
"516","T0","2021-11-03","burned",75,12,"chironomid",0
"517","T0","2021-11-03","burned",75,12,"calanoid",0
"518","T0","2021-11-03","burned",75,12,"cyclopoid",0
"519","T0","2021-11-03","burned",75,12,"nauplii",0
"520","T0","2021-11-03","burned",75,12,"chironomid",0
"521","T0","2021-11-03","burned",75,12,"keratella",0
"522","T0","2021-11-03","burned",75,12,"kellicottia",0
"523","T0","2021-11-03","burned",75,12,"asplanchna",0
"524","T0","2021-11-03","burned",75,12,"bosmina",0
"525","T0","2021-11-03","burned",75,12,"ceriodaphnia",0
"526","T0","2021-11-03","burned",75,12,"nauplii",0
"527","T0","2021-11-03","burned",75,12,"kellicottia",0
"528","T0","2021-11-03","burned",75,12,"keratella",0.546448087431694
"529","T1","2021-11-15","burned",75,12,"calanoid",1.5
"530","T1","2021-11-15","burned",75,12,"cyclopoid",3
"531","T1","2021-11-15","burned",75,12,"chironomid",0
"532","T1","2021-11-15","burned",75,12,"nauplii",0.5
"533","T1","2021-11-15","burned",75,12,"kellicottia",0
"534","T1","2021-11-15","burned",75,12,"keratella",0
"535","T1","2021-11-15","burned",75,12,"daphnia",8.25
"536","T2","2021-12-06","burned",75,12,"calanoid",0.25706940874036
"537","T2","2021-12-06","burned",75,12,"cyclopoid",1.79948586118252
"538","T2","2021-12-06","burned",75,12,"nauplii",0
"539","T2","2021-12-06","burned",75,12,"chironomid",0
"540","T2","2021-12-06","burned",75,12,"keratella",0
"541","T2","2021-12-06","burned",75,12,"kellicottia",0
"542","T2","2021-12-06","burned",75,12,"asplanchna",0
"543","T2","2021-12-06","burned",75,12,"bosmina",0
"544","T2","2021-12-06","burned",75,12,"ceriodaphnia",0
"545","T2","2021-12-06","burned",75,12,"daphnia",15.9383033419023
"546","T2","2021-12-06","burned",75,12,"mosquito",0.51413881748072
"547","T2","2021-12-06","burned",75,12,"ephipium",1.2853470437018
"548","T2","2021-12-06","burned",75,12,"unknown 1",0.25706940874036
"549","T2","2021-12-06","burned",75,12,"mayfly",0.77120822622108
"550","T3","2022-01-03","burned",75,12,"calanoid",0.465116279069767
"551","T3","2022-01-03","burned",75,12,"cyclopoid",0
"552","T3","2022-01-03","burned",75,12,"chironomid",0
"553","T3","2022-01-03","burned",75,12,"nauplii",0
"554","T3","2022-01-03","burned",75,12,"kellicottia",0
"555","T3","2022-01-03","burned",75,12,"keratella",0
"556","T3","2022-01-03","burned",75,12,"daphnia",3.95348837209302
"557","T3","2022-01-03","burned",75,12,"mosquito",0
"558","T3","2022-01-03","burned",75,12,"mayfly",0.232558139534884
"559","T4","2022-02-01","burned",75,12,"calanoid",0.25
"560","T4","2022-02-01","burned",75,12,"cyclopoid",0
"561","T4","2022-02-01","burned",75,12,"chironomid",0
"562","T4","2022-02-01","burned",75,12,"nauplii",0
"563","T4","2022-02-01","burned",75,12,"ephipium",1.75
"564","T4","2022-02-01","burned",75,12,"keratella",0
"565","T4","2022-02-01","burned",75,12,"bosmina",0
"566","T4","2022-02-01","burned",75,12,"ceriodaphnia",0
"567","T4","2022-02-01","burned",75,12,"daphnia",0.5
"568","T4","2022-02-01","burned",75,12,"mosquito",0.25
"569","T0","2021-11-03","unburned",150,13,"chironomid",0
"570","T0","2021-11-03","unburned",150,13,"nauplii",0
"571","T0","2021-11-03","unburned",150,13,"calanoid",0
"572","T0","2021-11-03","unburned",150,13,"cyclopoid",0
"573","T0","2021-11-03","unburned",150,13,"keratella",0
"574","T0","2021-11-03","unburned",150,13,"kellicottia",0
"575","T0","2021-11-03","unburned",150,13,"caterpillars",0.282485875706215
"576","T0","2021-11-03","unburned",150,13,"stringy thing",0.282485875706215
"577","T1","2021-11-15","unburned",150,13,"calanoid",0
"578","T1","2021-11-15","unburned",150,13,"cyclopoid",1
"579","T1","2021-11-15","unburned",150,13,"chironomid",0
"580","T1","2021-11-15","unburned",150,13,"nauplii",0
"581","T1","2021-11-15","unburned",150,13,"mosquito",1
"582","T1","2021-11-15","unburned",150,13,"keratella",0
"583","T1","2021-11-15","unburned",150,13,"daphnia",1.25
"584","T2","2021-12-06","unburned",150,13,"calanoid",0
"585","T2","2021-12-06","unburned",150,13,"cyclopoid",1.16279069767442
"586","T2","2021-12-06","unburned",150,13,"chironomid",0
"587","T2","2021-12-06","unburned",150,13,"nauplii",3.48837209302326
"588","T2","2021-12-06","unburned",150,13,"kellicottia",0
"589","T2","2021-12-06","unburned",150,13,"keratella",0
"590","T2","2021-12-06","unburned",150,13,"daphnia",12.2093023255814
"591","T2","2021-12-06","unburned",150,13,"mosquito",3.77906976744186
"592","T2","2021-12-06","unburned",150,13,"mayfly",0.581395348837209
"593","T3","2022-01-03","unburned",150,13,"calanoid",0
"594","T3","2022-01-03","unburned",150,13,"cyclopoid",0.221729490022173
"595","T3","2022-01-03","unburned",150,13,"chironomid",0
"596","T3","2022-01-03","unburned",150,13,"nauplii",3.54767184035477
"597","T3","2022-01-03","unburned",150,13,"ephipium",1.55210643015521
"598","T3","2022-01-03","unburned",150,13,"mayfly",0.221729490022173
"599","T3","2022-01-03","unburned",150,13,"bosmina",0
"600","T3","2022-01-03","unburned",150,13,"ceriodaphnia",0
"601","T3","2022-01-03","unburned",150,13,"daphnia",0
"602","T3","2022-01-03","unburned",150,13,"mosquito",0.665188470066519
"603","T4","2022-02-01","unburned",150,13,"calanoid",0
"604","T4","2022-02-01","unburned",150,13,"cyclopoid",0
"605","T4","2022-02-01","unburned",150,13,"chironomid",0.75
"606","T4","2022-02-01","unburned",150,13,"nauplii",1.25
"607","T4","2022-02-01","unburned",150,13,"ephipium",2
"608","T4","2022-02-01","unburned",150,13,"keratella",0
"609","T4","2022-02-01","unburned",150,13,"bosmina",0
"610","T4","2022-02-01","unburned",150,13,"ceriodaphnia",0.25
"611","T4","2022-02-01","unburned",150,13,"daphnia",0.75
"612","T4","2022-02-01","unburned",150,13,"mosquito",1.75
"613","T0","2021-11-03","burned",100,14,NA,NA
"614","T1","2021-11-15","burned",100,14,"calanoid",4.5
"615","T1","2021-11-15","burned",100,14,"cyclopoid",2.75
"616","T1","2021-11-15","burned",100,14,"nauplii",0.5
"617","T1","2021-11-15","burned",100,14,"chironomid",0.25
"618","T1","2021-11-15","burned",100,14,"keratella",0
"619","T1","2021-11-15","burned",100,14,"kellicottia",0
"620","T1","2021-11-15","burned",100,14,"asplanchna",0
"621","T1","2021-11-15","burned",100,14,"bosmina",0
"622","T1","2021-11-15","burned",100,14,"ceriodaphnia",0
"623","T1","2021-11-15","burned",100,14,"daphnia",5
"624","T1","2021-11-15","burned",100,14,"calanoid",4.75
"625","T1","2021-11-15","burned",100,14,"cyclopoid",1.75
"626","T1","2021-11-15","burned",100,14,"chironomid",0
"627","T1","2021-11-15","burned",100,14,"nauplii",0.5
"628","T1","2021-11-15","burned",100,14,"kellicottia",0
"629","T1","2021-11-15","burned",100,14,"keratella",0
"630","T1","2021-11-15","burned",100,14,"daphnia",4.75
"631","T2","2021-12-06","burned",100,14,"calanoid",1.5748031496063
"632","T2","2021-12-06","burned",100,14,"cyclopoid",1.5748031496063
"633","T2","2021-12-06","burned",100,14,"chironomid",0.5249343832021
"634","T2","2021-12-06","burned",100,14,"nauplii",1.0498687664042
"635","T2","2021-12-06","burned",100,14,"ephipium",1.31233595800525
"636","T2","2021-12-06","burned",100,14,"keratella",0
"637","T2","2021-12-06","burned",100,14,"bosmina",0
"638","T2","2021-12-06","burned",100,14,"ceriodaphnia",0
"639","T2","2021-12-06","burned",100,14,"daphnia",20.4724409448819
"640","T2","2021-12-06","burned",100,14,"mosquito",0.5249343832021
"641","T3","2022-01-03","burned",100,14,"calanoid",0.403225806451613
"642","T3","2022-01-03","burned",100,14,"cyclopoid",0
"643","T3","2022-01-03","burned",100,14,"chironomid",0
"644","T3","2022-01-03","burned",100,14,"nauplii",1.00806451612903
"645","T3","2022-01-03","burned",100,14,"ephipium",3.62903225806452
"646","T3","2022-01-03","burned",100,14,"keratella",0
"647","T3","2022-01-03","burned",100,14,"bosmina",0
"648","T3","2022-01-03","burned",100,14,"ceriodaphnia",0
"649","T3","2022-01-03","burned",100,14,"daphnia",7.66129032258065
"650","T3","2022-01-03","burned",100,14,"mosquito",0
"651","T4","2022-02-01","burned",100,14,"calanoid",0.806451612903226
"652","T4","2022-02-01","burned",100,14,"cyclopoid",0.268817204301075
"653","T4","2022-02-01","burned",100,14,"chironomid",0.268817204301075
"654","T4","2022-02-01","burned",100,14,"nauplii",3.76344086021505
"655","T4","2022-02-01","burned",100,14,"ephipium",10.4838709677419
"656","T4","2022-02-01","burned",100,14,"keratella",0
"657","T4","2022-02-01","burned",100,14,"bosmina",0
"658","T4","2022-02-01","burned",100,14,"ceriodaphnia",0
"659","T4","2022-02-01","burned",100,14,"daphnia",15.8602150537634
"660","T4","2022-02-01","burned",100,14,"mosquito",0.806451612903226
"661","T0","2021-11-03","unburned",125,15,NA,NA
"662","T1","2021-11-15","unburned",125,15,"calanoid",2.13333333333333
"663","T1","2021-11-15","unburned",125,15,"cyclopoid",0
"664","T1","2021-11-15","unburned",125,15,"chironomid",0
"665","T1","2021-11-15","unburned",125,15,"nauplii",0
"666","T1","2021-11-15","unburned",125,15,"kellicottia",0
"667","T1","2021-11-15","unburned",125,15,"keratella",0
"668","T1","2021-11-15","unburned",125,15,"bosmina",0
"669","T1","2021-11-15","unburned",125,15,"ceriodaphnia",0
"670","T1","2021-11-15","unburned",125,15,"daphnia",4.8
"671","T1","2021-11-15","unburned",125,15,"mosquito",0.266666666666667
"672","T2","2021-12-06","unburned",125,15,"calanoid",2.25
"673","T2","2021-12-06","unburned",125,15,"cyclopoid",2
"674","T2","2021-12-06","unburned",125,15,"chironomid",0.25
"675","T2","2021-12-06","unburned",125,15,"nauplii",0
"676","T2","2021-12-06","unburned",125,15,"ephipium",1
"677","T2","2021-12-06","unburned",125,15,"keratella",0
"678","T2","2021-12-06","unburned",125,15,"bosmina",0
"679","T2","2021-12-06","unburned",125,15,"ceriodaphnia",0.25
"680","T2","2021-12-06","unburned",125,15,"daphnia",76.25
"681","T2","2021-12-06","unburned",125,15,"mosquito",0.75
"682","T3","2022-01-03","unburned",125,15,"calanoid",0
"683","T3","2022-01-03","unburned",125,15,"cyclopoid",0
"684","T3","2022-01-03","unburned",125,15,"chironomid",0
"685","T3","2022-01-03","unburned",125,15,"nauplii",6.06060606060606
"686","T3","2022-01-03","unburned",125,15,"ephipium",1.21212121212121
"687","T3","2022-01-03","unburned",125,15,"keratella",0
"688","T3","2022-01-03","unburned",125,15,"bosmina",0
"689","T3","2022-01-03","unburned",125,15,"ceriodaphnia",1.41414141414141
"690","T3","2022-01-03","unburned",125,15,"daphnia",2.62626262626263
"691","T3","2022-01-03","unburned",125,15,"mosquito",0.404040404040404
"692","T4","2022-02-01","unburned",125,15,"calanoid",0.28328611898017
"693","T4","2022-02-01","unburned",125,15,"cyclopoid",0
"694","T4","2022-02-01","unburned",125,15,"chironomid",0
"695","T4","2022-02-01","unburned",125,15,"nauplii",0
"696","T4","2022-02-01","unburned",125,15,"ephipium",0
"697","T4","2022-02-01","unburned",125,15,"keratella",0
"698","T4","2022-02-01","unburned",125,15,"bosmina",0
"699","T4","2022-02-01","unburned",125,15,"ceriodaphnia",15.8640226628895
"700","T4","2022-02-01","unburned",125,15,"daphnia",18.9801699716714
"701","T4","2022-02-01","unburned",125,15,"mosquito",0
"702","T0","2021-11-03","burned",125,16,"calanoid",0
"703","T0","2021-11-03","burned",125,16,"cyclopoid",1.5
"704","T0","2021-11-03","burned",125,16,"chironomid",0
"705","T0","2021-11-03","burned",125,16,"ceriodaphnia",1
"706","T0","2021-11-03","burned",125,16,"daphnia",0
"707","T0","2021-11-03","burned",125,16,"bursted daphnia",1.5
"708","T0","2021-11-03","burned",125,16,"keratella",0
"709","T0","2021-11-03","burned",125,16,"caterpillars",0.25
"710","T0","2021-11-03","burned",125,16,"nauplii",0.25
"711","T0","2021-11-03","burned",125,16,"kellicottia",0
"712","T1","2021-11-15","burned",125,16,"calanoid",0.785340314136126
"713","T1","2021-11-15","burned",125,16,"cyclopoid",1.30890052356021
"714","T1","2021-11-15","burned",125,16,"chironomid",0
"715","T1","2021-11-15","burned",125,16,"nauplii",0.261780104712042
"716","T1","2021-11-15","burned",125,16,"mosquito",0.523560209424084
"717","T1","2021-11-15","burned",125,16,"keratella",0
"718","T1","2021-11-15","burned",125,16,"daphnia",2.35602094240838
"719","T2","2021-12-06","burned",125,16,"calanoid",1.55844155844156
"720","T2","2021-12-06","burned",125,16,"cyclopoid",1.03896103896104
"721","T2","2021-12-06","burned",125,16,"chironomid",0
"722","T2","2021-12-06","burned",125,16,"nauplii",5.71428571428571
"723","T2","2021-12-06","burned",125,16,"kellicottia",0
"724","T2","2021-12-06","burned",125,16,"keratella",0
"725","T2","2021-12-06","burned",125,16,"daphnia",44.6753246753247
"726","T2","2021-12-06","burned",125,16,"mosquito",0
"727","T3","2022-01-03","burned",125,16,"calanoid",0.228310502283105
"728","T3","2022-01-03","burned",125,16,"cyclopoid",0
"729","T3","2022-01-03","burned",125,16,"nauplii",0
"730","T3","2022-01-03","burned",125,16,"chironomid",0
"731","T3","2022-01-03","burned",125,16,"keratella",0
"732","T3","2022-01-03","burned",125,16,"kellicottia",0
"733","T3","2022-01-03","burned",125,16,"asplanchna",0
"734","T3","2022-01-03","burned",125,16,"bosmina",0
"735","T3","2022-01-03","burned",125,16,"ceriodaphnia",0
"736","T3","2022-01-03","burned",125,16,"daphnia",4.337899543379
"737","T3","2022-01-03","burned",125,16,"mosquito",0
"738","T3","2022-01-03","burned",125,16,"ephipium",4.337899543379
"739","T4","2022-02-01","burned",125,16,"calanoid",0.25
"740","T4","2022-02-01","burned",125,16,"cyclopoid",0
"741","T4","2022-02-01","burned",125,16,"chironomid",0
"742","T4","2022-02-01","burned",125,16,"nauplii",0.75
"743","T4","2022-02-01","burned",125,16,"ephipium",33.25
"744","T4","2022-02-01","burned",125,16,"keratella",0
"745","T4","2022-02-01","burned",125,16,"bosmina",0
"746","T4","2022-02-01","burned",125,16,"ceriodaphnia",0
"747","T4","2022-02-01","burned",125,16,"daphnia",17
"748","T4","2022-02-01","burned",125,16,"mosquito",1.75
"749","T0","2021-11-03","unburned",100,17,NA,NA
"750","T1","2021-11-15","unburned",100,17,"calanoid",0
"751","T1","2021-11-15","unburned",100,17,"cyclopoid",1.08108108108108
"752","T1","2021-11-15","unburned",100,17,"chironomid",0
"753","T1","2021-11-15","unburned",100,17,"nauplii",0
"754","T1","2021-11-15","unburned",100,17,"kellicottia",0
"755","T1","2021-11-15","unburned",100,17,"keratella",0
"756","T1","2021-11-15","unburned",100,17,"bosmina",0
"757","T1","2021-11-15","unburned",100,17,"ceriodaphnia",0
"758","T1","2021-11-15","unburned",100,17,"daphnia",4.59459459459459
"759","T1","2021-11-15","unburned",100,17,"mosquito",0.540540540540541
"760","T2","2021-12-06","unburned",100,17,"calanoid",1.5
"761","T2","2021-12-06","unburned",100,17,"cyclopoid",1.5
"762","T2","2021-12-06","unburned",100,17,"chironomid",0
"763","T2","2021-12-06","unburned",100,17,"nauplii",11
"764","T2","2021-12-06","unburned",100,17,"kellicottia",0
"765","T2","2021-12-06","unburned",100,17,"keratella",0
"766","T2","2021-12-06","unburned",100,17,"daphnia",46.25
"767","T2","2021-12-06","unburned",100,17,"mosquito",4.25
"768","T3","2022-01-03","unburned",100,17,"calanoid",0.210526315789474
"769","T3","2022-01-03","unburned",100,17,"cyclopoid",0
"770","T3","2022-01-03","unburned",100,17,"chironomid",0
"771","T3","2022-01-03","unburned",100,17,"nauplii",3.57894736842105
"772","T3","2022-01-03","unburned",100,17,"ephipium",1.68421052631579
"773","T3","2022-01-03","unburned",100,17,"keratella",0
"774","T3","2022-01-03","unburned",100,17,"bosmina",0
"775","T3","2022-01-03","unburned",100,17,"ceriodaphnia",0
"776","T3","2022-01-03","unburned",100,17,"daphnia",1.68421052631579
"777","T3","2022-01-03","unburned",100,17,"mosquito",0
"778","T4","2022-02-01","unburned",100,17,"calanoid",1.64383561643836
"779","T4","2022-02-01","unburned",100,17,"cyclopoid",0
"780","T4","2022-02-01","unburned",100,17,"nauplii",0
"781","T4","2022-02-01","unburned",100,17,"chironomid",0
"782","T4","2022-02-01","unburned",100,17,"keratella",0
"783","T4","2022-02-01","unburned",100,17,"kellicottia",0
"784","T4","2022-02-01","unburned",100,17,"asplanchna",0
"785","T4","2022-02-01","unburned",100,17,"bosmina",0
"786","T4","2022-02-01","unburned",100,17,"ceriodaphnia",0
"787","T4","2022-02-01","unburned",100,17,"daphnia",19.7260273972603
"788","T4","2022-02-01","unburned",100,17,"mosquito",1.36986301369863
"789","T4","2022-02-01","unburned",100,17,"ephipium",38.6301369863014
"790","T4","2022-02-01","unburned",100,17,"unknown 5",0.273972602739726
"791","T0","2021-11-03","burned",150,18,NA,NA
"792","T1","2021-11-15","burned",150,18,"calanoid",0.540540540540541
"793","T1","2021-11-15","burned",150,18,"cyclopoid",2.43243243243243
"794","T1","2021-11-15","burned",150,18,"chironomid",0
"795","T1","2021-11-15","burned",150,18,"nauplii",0.27027027027027
"796","T1","2021-11-15","burned",150,18,"kellicottia",0
"797","T1","2021-11-15","burned",150,18,"keratella",0
"798","T1","2021-11-15","burned",150,18,"daphnia",6.48648648648649
"799","T2","2021-12-06","burned",150,18,"calanoid",1
"800","T2","2021-12-06","burned",150,18,"cyclopoid",1.5
"801","T2","2021-12-06","burned",150,18,"nauplii",0.25
"802","T2","2021-12-06","burned",150,18,"chironomid",0.25
"803","T2","2021-12-06","burned",150,18,"keratella",0
"804","T2","2021-12-06","burned",150,18,"kellicottia",0
"805","T2","2021-12-06","burned",150,18,"asplanchna",0
"806","T2","2021-12-06","burned",150,18,"bosmina",0
"807","T2","2021-12-06","burned",150,18,"ceriodaphnia",0
"808","T2","2021-12-06","burned",150,18,"daphnia",25
"809","T2","2021-12-06","burned",150,18,"mosquito",1.5
"810","T2","2021-12-06","burned",150,18,"ephipium",0.75
"811","T3","2022-01-03","burned",150,18,"calanoid",0.652173913043478
"812","T3","2022-01-03","burned",150,18,"cyclopoid",0
"813","T3","2022-01-03","burned",150,18,"chironomid",0
"814","T3","2022-01-03","burned",150,18,"nauplii",2.39130434782609
"815","T3","2022-01-03","burned",150,18,"ephipium",3.47826086956522
"816","T3","2022-01-03","burned",150,18,"keratella",0
"817","T3","2022-01-03","burned",150,18,"bosmina",0
"818","T3","2022-01-03","burned",150,18,"ceriodaphnia",0
"819","T3","2022-01-03","burned",150,18,"daphnia",11.0869565217391
"820","T3","2022-01-03","burned",150,18,"mosquito",0.652173913043478
"821","T4","2022-02-01","burned",150,18,"calanoid",3.01507537688442
"822","T4","2022-02-01","burned",150,18,"cyclopoid",0
"823","T4","2022-02-01","burned",150,18,"nauplii",3.76884422110553
"824","T4","2022-02-01","burned",150,18,"chironomid",0
"825","T4","2022-02-01","burned",150,18,"keratella",0
"826","T4","2022-02-01","burned",150,18,"kellicottia",0
"827","T4","2022-02-01","burned",150,18,"asplanchna",0
"828","T4","2022-02-01","burned",150,18,"bosmina",0
"829","T4","2022-02-01","burned",150,18,"ceriodaphnia",0
"830","T4","2022-02-01","burned",150,18,"daphnia",100
"831","T4","2022-02-01","burned",150,18,"mosquito",1.50753768844221
"832","T4","2022-02-01","burned",150,18,"ephipium",5.77889447236181
"833","T4","2022-02-01","burned",150,18,"unknown 6",0.251256281407035
"834","T4","2022-02-01","burned",150,18,"unknown 7",0.251256281407035
"835","T0","2021-11-03","unburned",75,19,"chironomid",0
"836","T0","2021-11-03","unburned",75,19,"cyclopoid",0.25
"837","T0","2021-11-03","unburned",75,19,"kellicottia",0
"838","T0","2021-11-03","unburned",75,19,"nauplii",0
"839","T0","2021-11-03","unburned",75,19,"calanoid",0
"840","T0","2021-11-03","unburned",75,19,"keratella",0.5
"841","T1","2021-11-15","unburned",75,19,"calanoid",0.775193798449612
"842","T1","2021-11-15","unburned",75,19,"cyclopoid",3.61757105943152
"843","T1","2021-11-15","unburned",75,19,"chironomid",0
"844","T1","2021-11-15","unburned",75,19,"nauplii",0.775193798449612
"845","T1","2021-11-15","unburned",75,19,"kellicottia",0
"846","T1","2021-11-15","unburned",75,19,"keratella",0
"847","T1","2021-11-15","unburned",75,19,"daphnia",9.04392764857881
"848","T2","2021-12-06","unburned",75,19,"calanoid",0.25
"849","T2","2021-12-06","unburned",75,19,"cyclopoid",0.75
"850","T2","2021-12-06","unburned",75,19,"chironomid",0.25
"851","T2","2021-12-06","unburned",75,19,"nauplii",6.75
"852","T2","2021-12-06","unburned",75,19,"ephipium",2.25
"853","T2","2021-12-06","unburned",75,19,"keratella",0
"854","T2","2021-12-06","unburned",75,19,"bosmina",0
"855","T2","2021-12-06","unburned",75,19,"ceriodaphnia",0
"856","T2","2021-12-06","unburned",75,19,"daphnia",25.5
"857","T2","2021-12-06","unburned",75,19,"mosquito",0.25
"858","T3","2022-01-03","unburned",75,19,"calanoid",0
"859","T3","2022-01-03","unburned",75,19,"cyclopoid",0.214132762312634
"860","T3","2022-01-03","unburned",75,19,"chironomid",0.214132762312634
"861","T3","2022-01-03","unburned",75,19,"nauplii",4.71092077087794
"862","T3","2022-01-03","unburned",75,19,"ephipium",1.07066381156317
"863","T3","2022-01-03","unburned",75,19,"keratella",0
"864","T3","2022-01-03","unburned",75,19,"bosmina",0
"865","T3","2022-01-03","unburned",75,19,"ceriodaphnia",0
"866","T3","2022-01-03","unburned",75,19,"daphnia",0.428265524625268
"867","T3","2022-01-03","unburned",75,19,"mosquito",0
"868","T4","2022-02-01","unburned",75,19,"calanoid",0.253164556962025
"869","T4","2022-02-01","unburned",75,19,"cyclopoid",0
"870","T4","2022-02-01","unburned",75,19,"chironomid",0
"871","T4","2022-02-01","unburned",75,19,"nauplii",2.53164556962025
"872","T4","2022-02-01","unburned",75,19,"ephipium",5.56962025316456
"873","T4","2022-02-01","unburned",75,19,"keratella",0
"874","T4","2022-02-01","unburned",75,19,"bosmina",0
"875","T4","2022-02-01","unburned",75,19,"ceriodaphnia",34.1772151898734
"876","T4","2022-02-01","unburned",75,19,"daphnia",0.759493670886076
"877","T4","2022-02-01","unburned",75,19,"mosquito",0.506329113924051
"878","T0","2021-11-03","burned",175,20,"cyclopoid",0
"879","T0","2021-11-03","burned",175,20,"chironomid",0
"880","T0","2021-11-03","burned",175,20,"nauplii",0
"881","T0","2021-11-03","burned",175,20,"kellicottia",0
"882","T0","2021-11-03","burned",175,20,"keratella",0.277777777777778
"883","T0","2021-11-03","burned",175,20,"caterpillars",0
"884","T0","2021-11-03","burned",175,20,"ceriodaphnia",0.277777777777778
"885","T0","2021-11-03","burned",175,20,"daphnia",0
"886","T0","2021-11-03","burned",175,20,"bursted daphnia",0.833333333333333
"887","T0","2021-11-03","burned",175,20,"calanoid",0
"888","T1","2021-11-15","burned",175,20,"calanoid",0
"889","T1","2021-11-15","burned",175,20,"cyclopoid",0
"890","T1","2021-11-15","burned",175,20,"chironomid",1.02040816326531
"891","T1","2021-11-15","burned",175,20,"nauplii",0
"892","T1","2021-11-15","burned",175,20,"kellicottia",0
"893","T1","2021-11-15","burned",175,20,"keratella",0
"894","T1","2021-11-15","burned",175,20,"daphnia",1.02040816326531
"895","T2","2021-12-06","burned",175,20,"calanoid",0.257731958762887
"896","T2","2021-12-06","burned",175,20,"cyclopoid",0
"897","T2","2021-12-06","burned",175,20,"chironomid",0
"898","T2","2021-12-06","burned",175,20,"nauplii",3.09278350515464
"899","T2","2021-12-06","burned",175,20,"kellicottia",0
"900","T2","2021-12-06","burned",175,20,"keratella",0
"901","T2","2021-12-06","burned",175,20,"daphnia",3.8659793814433
"902","T2","2021-12-06","burned",175,20,"mosquito",3.09278350515464
"903","T3","2022-01-03","burned",175,20,"calanoid",0
"904","T3","2022-01-03","burned",175,20,"cyclopoid",0.203252032520325
"905","T3","2022-01-03","burned",175,20,"nauplii",0
"906","T3","2022-01-03","burned",175,20,"chironomid",0
"907","T3","2022-01-03","burned",175,20,"keratella",0
"908","T3","2022-01-03","burned",175,20,"kellicottia",0
"909","T3","2022-01-03","burned",175,20,"asplanchna",0
"910","T3","2022-01-03","burned",175,20,"bosmina",0
"911","T3","2022-01-03","burned",175,20,"ceriodaphnia",0
"912","T3","2022-01-03","burned",175,20,"daphnia",0.813008130081301
"913","T3","2022-01-03","burned",175,20,"mosquito",1.6260162601626
"914","T3","2022-01-03","burned",175,20,"ephipium",0.40650406504065
"915","T4","2022-02-01","burned",175,20,"calanoid",0.50761421319797
"916","T4","2022-02-01","burned",175,20,"cyclopoid",0
"917","T4","2022-02-01","burned",175,20,"chironomid",0
"918","T4","2022-02-01","burned",175,20,"nauplii",2.03045685279188
"919","T4","2022-02-01","burned",175,20,"kellicottia",0
"920","T4","2022-02-01","burned",175,20,"keratella",0
"921","T4","2022-02-01","burned",175,20,"daphnia",0.50761421319797
"922","T4","2022-02-01","burned",175,20,"mosquito",1.52284263959391
"923","T4","2022-02-01","burned",175,20,"mayfly",0
"924","T0","2021-11-03","unburned",50,21,NA,NA
"925","T1","2021-11-15","unburned",50,21,"calanoid",0
"926","T1","2021-11-15","unburned",50,21,"cyclopoid",4.65717981888745
"927","T1","2021-11-15","unburned",50,21,"chironomid",0.517464424320828
"928","T1","2021-11-15","unburned",50,21,"nauplii",0.258732212160414
"929","T1","2021-11-15","unburned",50,21,"kellicottia",0
"930","T1","2021-11-15","unburned",50,21,"keratella",0
"931","T1","2021-11-15","unburned",50,21,"daphnia",2.06985769728331
"932","T2","2021-12-06","unburned",50,21,"calanoid",0.25
"933","T2","2021-12-06","unburned",50,21,"cyclopoid",0.75
"934","T2","2021-12-06","unburned",50,21,"chironomid",0
"935","T2","2021-12-06","unburned",50,21,"nauplii",18.75
"936","T2","2021-12-06","unburned",50,21,"kellicottia",0
"937","T2","2021-12-06","unburned",50,21,"keratella",0
"938","T2","2021-12-06","unburned",50,21,"daphnia",28.25
"939","T2","2021-12-06","unburned",50,21,"mosquito",1
"940","T3","2022-01-03","unburned",50,21,"calanoid",0
"941","T3","2022-01-03","unburned",50,21,"cyclopoid",0
"942","T3","2022-01-03","unburned",50,21,"chironomid",0
"943","T3","2022-01-03","unburned",50,21,"nauplii",24.8878923766816
"944","T3","2022-01-03","unburned",50,21,"ephipium",1.12107623318386
"945","T3","2022-01-03","unburned",50,21,"keratella",0
"946","T3","2022-01-03","unburned",50,21,"bosmina",0
"947","T3","2022-01-03","unburned",50,21,"ceriodaphnia",0
"948","T3","2022-01-03","unburned",50,21,"daphnia",1.34529147982063
"949","T3","2022-01-03","unburned",50,21,"mosquito",0
"950","T4","2022-02-01","unburned",50,21,"calanoid",0
"951","T4","2022-02-01","unburned",50,21,"cyclopoid",0.763358778625954
"952","T4","2022-02-01","unburned",50,21,"chironomid",0
"953","T4","2022-02-01","unburned",50,21,"nauplii",14.2493638676845
"954","T4","2022-02-01","unburned",50,21,"kellicottia",0
"955","T4","2022-02-01","unburned",50,21,"keratella",0
"956","T4","2022-02-01","unburned",50,21,"daphnia",2.29007633587786
"957","T4","2022-02-01","unburned",50,21,"mosquito",0.254452926208651
"958","T4","2022-02-01","unburned",50,21,"mayfly",0
"959","T0","2021-11-03","burned",200,22,"chironomid",0
"960","T0","2021-11-03","burned",200,22,"calanoid",0
"961","T0","2021-11-03","burned",200,22,"cyclopoid",0
"962","T0","2021-11-03","burned",200,22,"keratella",0.3125
"963","T0","2021-11-03","burned",200,22,"nauplii",0
"964","T0","2021-11-03","burned",200,22,"kellicottia",0
"965","T1","2021-11-15","burned",200,22,"calanoid",1.03896103896104
"966","T1","2021-11-15","burned",200,22,"cyclopoid",0
"967","T1","2021-11-15","burned",200,22,"nauplii",0
"968","T1","2021-11-15","burned",200,22,"chironomid",0
"969","T1","2021-11-15","burned",200,22,"keratella",0
"970","T1","2021-11-15","burned",200,22,"kellicottia",0
"971","T1","2021-11-15","burned",200,22,"asplanchna",0
"972","T1","2021-11-15","burned",200,22,"bosmina",0
"973","T1","2021-11-15","burned",200,22,"ceriodaphnia",0.779220779220779
"974","T1","2021-11-15","burned",200,22,"daphnia",1.03896103896104
"975","T1","2021-11-15","burned",200,22,"mosquito",6.23376623376623
"976","T2","2021-12-06","burned",200,22,"calanoid",0.25
"977","T2","2021-12-06","burned",200,22,"cyclopoid",0.75
"978","T2","2021-12-06","burned",200,22,"chironomid",0
"979","T2","2021-12-06","burned",200,22,"nauplii",0
"980","T2","2021-12-06","burned",200,22,"kellicottia",0
"981","T2","2021-12-06","burned",200,22,"keratella",0
"982","T2","2021-12-06","burned",200,22,"daphnia",29.5
"983","T2","2021-12-06","burned",200,22,"mosquito",5
"984","T3","2022-01-03","burned",200,22,"calanoid",0.216919739696312
"985","T3","2022-01-03","burned",200,22,"cyclopoid",0
"986","T3","2022-01-03","burned",200,22,"chironomid",0
"987","T3","2022-01-03","burned",200,22,"nauplii",0.867678958785249
"988","T3","2022-01-03","burned",200,22,"ephipium",0.433839479392625
"989","T3","2022-01-03","burned",200,22,"keratella",0
"990","T3","2022-01-03","burned",200,22,"bosmina",0
"991","T3","2022-01-03","burned",200,22,"ceriodaphnia",0
"992","T3","2022-01-03","burned",200,22,"daphnia",2.16919739696312
"993","T3","2022-01-03","burned",200,22,"mosquito",0
"994","T4","2022-02-01","burned",200,22,"calanoid",0
"995","T4","2022-02-01","burned",200,22,"cyclopoid",0.255102040816327
"996","T4","2022-02-01","burned",200,22,"chironomid",0
"997","T4","2022-02-01","burned",200,22,"nauplii",1.78571428571429
"998","T4","2022-02-01","burned",200,22,"kellicottia",0
"999","T4","2022-02-01","burned",200,22,"keratella",0
"1000","T4","2022-02-01","burned",200,22,"daphnia",15.3061224489796
"1001","T4","2022-02-01","burned",200,22,"mosquito",0.255102040816327
"1002","T4","2022-02-01","burned",200,22,"mayfly",0
"1003","T0","2021-11-03","unburned",25,23,NA,NA
"1004","T1","2021-11-15","unburned",25,23,"calanoid",1.29032258064516
"1005","T1","2021-11-15","unburned",25,23,"cyclopoid",10.9677419354839
"1006","T1","2021-11-15","unburned",25,23,"chironomid",0
"1007","T1","2021-11-15","unburned",25,23,"nauplii",0.645161290322581
"1008","T1","2021-11-15","unburned",25,23,"kellicottia",0
"1009","T1","2021-11-15","unburned",25,23,"keratella",0
"1010","T1","2021-11-15","unburned",25,23,"caterpillars",0
"1011","T1","2021-11-15","unburned",25,23,"ceriodaphnia",1.93548387096774
"1012","T1","2021-11-15","unburned",25,23,"daphnia",57.0967741935484
"1013","T1","2021-11-15","unburned",25,23,"bursted daphnia",0
"1014","T2","2021-12-06","unburned",25,23,"calanoid",0
"1015","T2","2021-12-06","unburned",25,23,"cyclopoid",0.25
"1016","T2","2021-12-06","unburned",25,23,"chironomid",0
"1017","T2","2021-12-06","unburned",25,23,"nauplii",3.75
"1018","T2","2021-12-06","unburned",25,23,"kellicottia",0
"1019","T2","2021-12-06","unburned",25,23,"keratella",0
"1020","T2","2021-12-06","unburned",25,23,"daphnia",26.5
"1021","T2","2021-12-06","unburned",25,23,"mosquito",0.5
"1022","T3","2022-01-03","unburned",25,23,"calanoid",0
"1023","T3","2022-01-03","unburned",25,23,"cyclopoid",0
"1024","T3","2022-01-03","unburned",25,23,"chironomid",0
"1025","T3","2022-01-03","unburned",25,23,"nauplii",0.778210116731518
"1026","T3","2022-01-03","unburned",25,23,"ephipium",0
"1027","T3","2022-01-03","unburned",25,23,"keratella",0
"1028","T3","2022-01-03","unburned",25,23,"bosmina",0
"1029","T3","2022-01-03","unburned",25,23,"ceriodaphnia",0
"1030","T3","2022-01-03","unburned",25,23,"daphnia",0.389105058365759
"1031","T3","2022-01-03","unburned",25,23,"mosquito",0
"1032","T4","2022-02-01","unburned",25,23,"calanoid",0
"1033","T4","2022-02-01","unburned",25,23,"cyclopoid",0
"1034","T4","2022-02-01","unburned",25,23,"chironomid",0.23696682464455
"1035","T4","2022-02-01","unburned",25,23,"nauplii",1.4218009478673
"1036","T4","2022-02-01","unburned",25,23,"ephipium",0.947867298578199
"1037","T4","2022-02-01","unburned",25,23,"keratella",0
"1038","T4","2022-02-01","unburned",25,23,"bosmina",0
"1039","T4","2022-02-01","unburned",25,23,"ceriodaphnia",0
"1040","T4","2022-02-01","unburned",25,23,"daphnia",0
"1041","T4","2022-02-01","unburned",25,23,"mosquito",0
"1042","T0","2021-11-03","burned",225,24,"calanoid",0
"1043","T0","2021-11-03","burned",225,24,"cyclopoid",0.3125
"1044","T0","2021-11-03","burned",225,24,"chironomid",0
"1045","T0","2021-11-03","burned",225,24,"nauplii",0.625
"1046","T0","2021-11-03","burned",225,24,"kellicottia",0
"1047","T0","2021-11-03","burned",225,24,"keratella",0
"1048","T0","2021-11-03","burned",225,24,"bursted daphnia",0
"1049","T0","2021-11-03","burned",225,24,"caterpillars",0
"1050","T0","2021-11-03","burned",225,24,"ceriodaphnia",0
"1051","T0","2021-11-03","burned",225,24,"daphnia",0
"1052","T1","2021-11-15","burned",225,24,"calanoid",0.867052023121387
"1053","T1","2021-11-15","burned",225,24,"cyclopoid",0.578034682080925
"1054","T1","2021-11-15","burned",225,24,"chironomid",0
"1055","T1","2021-11-15","burned",225,24,"nauplii",0.289017341040462
"1056","T1","2021-11-15","burned",225,24,"kellicottia",0
"1057","T1","2021-11-15","burned",225,24,"keratella",0
"1058","T1","2021-11-15","burned",225,24,"daphnia",2.60115606936416
"1059","T2","2021-12-06","burned",225,24,"calanoid",0.277777777777778
"1060","T2","2021-12-06","burned",225,24,"cyclopoid",0.833333333333333
"1061","T2","2021-12-06","burned",225,24,"chironomid",0.555555555555556
"1062","T2","2021-12-06","burned",225,24,"nauplii",0.277777777777778
"1063","T2","2021-12-06","burned",225,24,"ephipium",0.277777777777778
"1064","T2","2021-12-06","burned",225,24,"slug",0.277777777777778
"1065","T2","2021-12-06","burned",225,24,"bosmina",0
"1066","T2","2021-12-06","burned",225,24,"ceriodaphnia",0
"1067","T2","2021-12-06","burned",225,24,"daphnia",41.9444444444444
"1068","T2","2021-12-06","burned",225,24,"mosquito",8.88888888888889
"1069","T3","2022-01-03","burned",225,24,"calanoid",0
"1070","T3","2022-01-03","burned",225,24,"cyclopoid",0
"1071","T3","2022-01-03","burned",225,24,"chironomid",0
"1072","T3","2022-01-03","burned",225,24,"nauplii",0
"1073","T3","2022-01-03","burned",225,24,"kellicottia",0
"1074","T3","2022-01-03","burned",225,24,"keratella",0
"1075","T3","2022-01-03","burned",225,24,"daphnia",16.7048054919908
"1076","T3","2022-01-03","burned",225,24,"mosquito",0.68649885583524
"1077","T3","2022-01-03","burned",225,24,"mosquito",0.22883295194508
"1078","T3","2022-01-03","burned",225,24,"mayfly",0
"1079","T4","2022-02-01","burned",225,24,"calanoid",0
"1080","T4","2022-02-01","burned",225,24,"cyclopoid",0
"1081","T4","2022-02-01","burned",225,24,"chironomid",0.268817204301075
"1082","T4","2022-02-01","burned",225,24,"nauplii",0.268817204301075
"1083","T4","2022-02-01","burned",225,24,"ephipium",24.7311827956989
"1084","T4","2022-02-01","burned",225,24,"keratella",0
"1085","T4","2022-02-01","burned",225,24,"bosmina",0
"1086","T4","2022-02-01","burned",225,24,"ceriodaphnia",0
"1087","T4","2022-02-01","burned",225,24,"daphnia",31.7204301075269
"1088","T4","2022-02-01","burned",225,24,"mosquito",1.61290322580645
"1089","T0","2021-11-03","unburned",10,25,NA,NA
"1090","T1","2021-11-15","unburned",10,25,"calanoid",0.277777777777778
"1091","T1","2021-11-15","unburned",10,25,"cyclopoid",7.22222222222222
"1092","T1","2021-11-15","unburned",10,25,"chironomid",0
"1093","T1","2021-11-15","unburned",10,25,"nauplii",0.555555555555556
"1094","T1","2021-11-15","unburned",10,25,"kellicottia",0
"1095","T1","2021-11-15","unburned",10,25,"keratella",0.277777777777778
"1096","T1","2021-11-15","unburned",10,25,"caterpillars",0
"1097","T1","2021-11-15","unburned",10,25,"ceriodaphnia",0
"1098","T1","2021-11-15","unburned",10,25,"daphnia",16.3888888888889
"1099","T1","2021-11-15","unburned",10,25,"bursted daphnia",0
"1100","T2","2021-12-06","unburned",10,25,"calanoid",0
"1101","T2","2021-12-06","unburned",10,25,"cyclopoid",0
"1102","T2","2021-12-06","unburned",10,25,"chironomid",0
"1103","T2","2021-12-06","unburned",10,25,"nauplii",3.75
"1104","T2","2021-12-06","unburned",10,25,"kellicottia",0
"1105","T2","2021-12-06","unburned",10,25,"keratella",0
"1106","T2","2021-12-06","unburned",10,25,"daphnia",33
"1107","T2","2021-12-06","unburned",10,25,"mosquito",0.5
"1108","T3","2022-01-03","unburned",10,25,"calanoid",0
"1109","T3","2022-01-03","unburned",10,25,"cyclopoid",0.212314225053079
"1110","T3","2022-01-03","unburned",10,25,"nauplii",0
"1111","T3","2022-01-03","unburned",10,25,"chironomid",0
"1112","T3","2022-01-03","unburned",10,25,"keratella",0
"1113","T3","2022-01-03","unburned",10,25,"kellicottia",0
"1114","T3","2022-01-03","unburned",10,25,"asplanchna",0
"1115","T3","2022-01-03","unburned",10,25,"bosmina",0
"1116","T3","2022-01-03","unburned",10,25,"ceriodaphnia",0.636942675159236
"1117","T3","2022-01-03","unburned",10,25,"daphnia",1.27388535031847
"1118","T3","2022-01-03","unburned",10,25,"mosquito",0
"1119","T3","2022-01-03","unburned",10,25,"ephipium",0.849256900212314
"1120","T4","2022-02-01","unburned",10,25,"calanoid",0
"1121","T4","2022-02-01","unburned",10,25,"cyclopoid",0
"1122","T4","2022-02-01","unburned",10,25,"chironomid",0
"1123","T4","2022-02-01","unburned",10,25,"nauplii",2.0997375328084
"1124","T4","2022-02-01","unburned",10,25,"kellicottia",0
"1125","T4","2022-02-01","unburned",10,25,"keratella",0
"1126","T4","2022-02-01","unburned",10,25,"daphnia",0.5249343832021
"1127","T4","2022-02-01","unburned",10,25,"mosquito",0
"1128","T4","2022-02-01","unburned",10,25,"mayfly",0.26246719160105
"1129","T0","2021-11-03","burned",250,26,NA,NA
"1130","T1","2021-11-15","burned",250,26,"calanoid",0.817438692098093
"1131","T1","2021-11-15","burned",250,26,"cyclopoid",2.17983651226158
"1132","T1","2021-11-15","burned",250,26,"chironomid",0
"1133","T1","2021-11-15","burned",250,26,"nauplii",0
"1134","T1","2021-11-15","burned",250,26,"kellicottia",0
"1135","T1","2021-11-15","burned",250,26,"keratella",0
"1136","T1","2021-11-15","burned",250,26,"caterpillars",0
"1137","T1","2021-11-15","burned",250,26,"ceriodaphnia",0
"1138","T1","2021-11-15","burned",250,26,"daphnia",1.08991825613079
"1139","T1","2021-11-15","burned",250,26,"mosquito",1.36239782016349
"1140","T2","2021-12-06","burned",250,26,"calanoid",0
"1141","T2","2021-12-06","burned",250,26,"cyclopoid",0.25
"1142","T2","2021-12-06","burned",250,26,"chironomid",0.25
"1143","T2","2021-12-06","burned",250,26,"nauplii",0.25
"1144","T2","2021-12-06","burned",250,26,"ephipium",0.5
"1145","T2","2021-12-06","burned",250,26,"keratella",0
"1146","T2","2021-12-06","burned",250,26,"bosmina",0
"1147","T2","2021-12-06","burned",250,26,"ceriodaphnia",0
"1148","T2","2021-12-06","burned",250,26,"daphnia",19.75
"1149","T2","2021-12-06","burned",250,26,"mosquito",7.75
"1150","T3","2022-01-03","burned",250,26,"calanoid",0
"1151","T3","2022-01-03","burned",250,26,"cyclopoid",0.204918032786885
"1152","T3","2022-01-03","burned",250,26,"nauplii",0.409836065573771
"1153","T3","2022-01-03","burned",250,26,"chironomid",0
"1154","T3","2022-01-03","burned",250,26,"keratella",0
"1155","T3","2022-01-03","burned",250,26,"kellicottia",0
"1156","T3","2022-01-03","burned",250,26,"asplanchna",0
"1157","T3","2022-01-03","burned",250,26,"bosmina",0
"1158","T3","2022-01-03","burned",250,26,"ceriodaphnia",0
"1159","T3","2022-01-03","burned",250,26,"daphnia",10.2459016393443
"1160","T3","2022-01-03","burned",250,26,"mosquito",1.02459016393443
"1161","T3","2022-01-03","burned",250,26,"ephipium",0.614754098360656
"1162","T3","2022-01-03","burned",250,26,"unknown 4",0.204918032786885
"1163","T3","2022-01-03","burned",250,26,"unknown 1",0.204918032786885
"1164","T3","2022-01-03","burned",250,26,"mayfly",0.204918032786885
"1165","T4","2022-02-01","burned",250,26,"calanoid",0
"1166","T4","2022-02-01","burned",250,26,"cyclopoid",0
"1167","T4","2022-02-01","burned",250,26,"chironomid",0
"1168","T4","2022-02-01","burned",250,26,"nauplii",1.40056022408964
"1169","T4","2022-02-01","burned",250,26,"kellicottia",0
"1170","T4","2022-02-01","burned",250,26,"keratella",0
"1171","T4","2022-02-01","burned",250,26,"daphnia",13.7254901960784
"1172","T4","2022-02-01","burned",250,26,"mosquito",0
"1173","T4","2022-02-01","burned",250,26,"mayfly",0
"1174","T0","2021-11-03","unburned",5,27,"cyclopoid",0
"1175","T0","2021-11-03","unburned",5,27,"chironomid",0
"1176","T0","2021-11-03","unburned",5,27,"bursted daphnia",0
"1177","T0","2021-11-03","unburned",5,27,"keratella",0
"1178","T0","2021-11-03","unburned",5,27,"caterpillars",0
"1179","T0","2021-11-03","unburned",5,27,"nauplii",0
"1180","T0","2021-11-03","unburned",5,27,"calanoid",0
"1181","T0","2021-11-03","unburned",5,27,"daphnia",0.325732899022801
"1182","T0","2021-11-03","unburned",5,27,"nauplii",0.325732899022801
"1183","T0","2021-11-03","unburned",5,27,"chironomid",0
"1184","T0","2021-11-03","unburned",5,27,"kellicottia",0
"1185","T0","2021-11-03","unburned",5,27,"cyclopoid",0.325732899022801
"1186","T0","2021-11-03","unburned",5,27,"kellicottia",1.30293159609121
"1187","T0","2021-11-03","unburned",5,27,"calanoid",0
"1188","T0","2021-11-03","unburned",5,27,"daphnia",0.325732899022801
"1189","T0","2021-11-03","unburned",5,27,"ceriodaphnia",0
"1190","T0","2021-11-03","unburned",5,27,"keratella",2.28013029315961
"1191","T1","2021-11-15","unburned",5,27,"calanoid",0.25
"1192","T1","2021-11-15","unburned",5,27,"cyclopoid",13.25
"1193","T1","2021-11-15","unburned",5,27,"chironomid",0.25
"1194","T1","2021-11-15","unburned",5,27,"nauplii",1.25
"1195","T1","2021-11-15","unburned",5,27,"kellicottia",0
"1196","T1","2021-11-15","unburned",5,27,"keratella",0
"1197","T1","2021-11-15","unburned",5,27,"daphnia",1
"1198","T2","2021-12-06","unburned",5,27,"calanoid",0.5
"1199","T2","2021-12-06","unburned",5,27,"cyclopoid",0
"1200","T2","2021-12-06","unburned",5,27,"nauplii",0
"1201","T2","2021-12-06","unburned",5,27,"chironomid",0
"1202","T2","2021-12-06","unburned",5,27,"keratella",0
"1203","T2","2021-12-06","unburned",5,27,"kellicottia",0
"1204","T2","2021-12-06","unburned",5,27,"asplanchna",0
"1205","T2","2021-12-06","unburned",5,27,"bosmina",0
"1206","T2","2021-12-06","unburned",5,27,"ceriodaphnia",0
"1207","T2","2021-12-06","unburned",5,27,"daphnia",9.75
"1208","T2","2021-12-06","unburned",5,27,"mosquito",0
"1209","T2","2021-12-06","unburned",5,27,"ephipium",0.25
"1210","T3","2022-01-03","unburned",5,27,"calanoid",0
"1211","T3","2022-01-03","unburned",5,27,"cyclopoid",0
"1212","T3","2022-01-03","unburned",5,27,"chironomid",0
"1213","T3","2022-01-03","unburned",5,27,"nauplii",0.66079295154185
"1214","T3","2022-01-03","unburned",5,27,"ephipium",0.66079295154185
"1215","T3","2022-01-03","unburned",5,27,"keratella",0
"1216","T3","2022-01-03","unburned",5,27,"bosmina",0
"1217","T3","2022-01-03","unburned",5,27,"ceriodaphnia",0
"1218","T3","2022-01-03","unburned",5,27,"daphnia",1.76211453744493
"1219","T3","2022-01-03","unburned",5,27,"mosquito",0.440528634361233
"1220","T4","2022-02-01","unburned",5,27,"calanoid",0
"1221","T4","2022-02-01","unburned",5,27,"cyclopoid",0
"1222","T4","2022-02-01","unburned",5,27,"chironomid",1.06666666666667
"1223","T4","2022-02-01","unburned",5,27,"nauplii",0.533333333333333
"1224","T4","2022-02-01","unburned",5,27,"ephipium",2.66666666666667
"1225","T4","2022-02-01","unburned",5,27,"keratella",0
"1226","T4","2022-02-01","unburned",5,27,"bosmina",0
"1227","T4","2022-02-01","unburned",5,27,"ceriodaphnia",0
"1228","T4","2022-02-01","unburned",5,27,"daphnia",0.266666666666667
"1229","T4","2022-02-01","unburned",5,27,"mosquito",0.533333333333333
"1230","T0","2021-11-03","burned",300,28,"cyclopoid",0.821917808219178
"1231","T0","2021-11-03","burned",300,28,"chironomid",0
"1232","T0","2021-11-03","burned",300,28,"nauplii",0
"1233","T0","2021-11-03","burned",300,28,"kellicottia",0
"1234","T0","2021-11-03","burned",300,28,"keratella",0
"1235","T0","2021-11-03","burned",300,28,"caterpillars",0
"1236","T0","2021-11-03","burned",300,28,"ceriodaphnia",0.273972602739726
"1237","T0","2021-11-03","burned",300,28,"daphnia",0
"1238","T0","2021-11-03","burned",300,28,"bursted daphnia",0.273972602739726
"1239","T0","2021-11-03","burned",300,28,"calanoid",0
"1240","T1","2021-11-15","burned",300,28,"calanoid",0
"1241","T1","2021-11-15","burned",300,28,"cyclopoid",0.591715976331361
"1242","T1","2021-11-15","burned",300,28,"chironomid",0
"1243","T1","2021-11-15","burned",300,28,"nauplii",0
"1244","T1","2021-11-15","burned",300,28,"kellicottia",0
"1245","T1","2021-11-15","burned",300,28,"keratella",0
"1246","T1","2021-11-15","burned",300,28,"daphnia",0.887573964497041
"1247","T2","2021-12-06","burned",300,28,"calanoid",0
"1248","T2","2021-12-06","burned",300,28,"cyclopoid",0
"1249","T2","2021-12-06","burned",300,28,"chironomid",0
"1250","T2","2021-12-06","burned",300,28,"nauplii",0
"1251","T2","2021-12-06","burned",300,28,"kellicottia",0
"1252","T2","2021-12-06","burned",300,28,"keratella",0
"1253","T2","2021-12-06","burned",300,28,"daphnia",0.75
"1254","T2","2021-12-06","burned",300,28,"mosquito",20
"1255","T3","2022-01-03","burned",300,28,"calanoid",0
"1256","T3","2022-01-03","burned",300,28,"cyclopoid",0.200803212851406
"1257","T3","2022-01-03","burned",300,28,"chironomid",0
"1258","T3","2022-01-03","burned",300,28,"nauplii",0
"1259","T3","2022-01-03","burned",300,28,"kellicottia",0
"1260","T3","2022-01-03","burned",300,28,"keratella",0
"1261","T3","2022-01-03","burned",300,28,"daphnia",1.80722891566265
"1262","T3","2022-01-03","burned",300,28,"mosquito",8.63453815261044
"1263","T3","2022-01-03","burned",300,28,"mayfly",0
"1264","T4","2022-02-01","burned",300,28,"calanoid",0
"1265","T4","2022-02-01","burned",300,28,"cyclopoid",0.286532951289398
"1266","T4","2022-02-01","burned",300,28,"chironomid",0.286532951289398
"1267","T4","2022-02-01","burned",300,28,"nauplii",0
"1268","T4","2022-02-01","burned",300,28,"ephipium",12.8939828080229
"1269","T4","2022-02-01","burned",300,28,"keratella",0
"1270","T4","2022-02-01","burned",300,28,"bosmina",0
"1271","T4","2022-02-01","burned",300,28,"ceriodaphnia",0
"1272","T4","2022-02-01","burned",300,28,"daphnia",12.8939828080229
"1273","T4","2022-02-01","burned",300,28,"mosquito",2.57879656160458
"1274","T0","2021-11-03","unburned",0,29,NA,NA
"1275","T1","2021-11-15","unburned",0,29,"calanoid",0
"1276","T1","2021-11-15","unburned",0,29,"cyclopoid",1.80878552971576
"1277","T1","2021-11-15","unburned",0,29,"chironomid",0
"1278","T1","2021-11-15","unburned",0,29,"nauplii",0
"1279","T1","2021-11-15","unburned",0,29,"kellicottia",0
"1280","T1","2021-11-15","unburned",0,29,"keratella",0
"1281","T1","2021-11-15","unburned",0,29,"daphnia",0.258397932816537
"1282","T2","2021-12-06","unburned",0,29,"calanoid",0
"1283","T2","2021-12-06","unburned",0,29,"cyclopoid",0
"1284","T2","2021-12-06","unburned",0,29,"chironomid",0
"1285","T2","2021-12-06","unburned",0,29,"nauplii",0
"1286","T2","2021-12-06","unburned",0,29,"kellicottia",0
"1287","T2","2021-12-06","unburned",0,29,"keratella",0
"1288","T2","2021-12-06","unburned",0,29,"bosmina",0
"1289","T2","2021-12-06","unburned",0,29,"ceriodaphnia",0
"1290","T2","2021-12-06","unburned",0,29,"daphnia",1.5
"1291","T2","2021-12-06","unburned",0,29,"mosquito",0
"1292","T3","2022-01-03","unburned",0,29,"calanoid",0
"1293","T3","2022-01-03","unburned",0,29,"cyclopoid",0
"1294","T3","2022-01-03","unburned",0,29,"nauplii",0.573613766730402
"1295","T3","2022-01-03","unburned",0,29,"chironomid",0
"1296","T3","2022-01-03","unburned",0,29,"keratella",0
"1297","T3","2022-01-03","unburned",0,29,"kellicottia",0
"1298","T3","2022-01-03","unburned",0,29,"asplanchna",0
"1299","T3","2022-01-03","unburned",0,29,"bosmina",0
"1300","T3","2022-01-03","unburned",0,29,"ceriodaphnia",0
"1301","T3","2022-01-03","unburned",0,29,"daphnia",3.63288718929254
"1302","T3","2022-01-03","unburned",0,29,"mosquito",0.573613766730402
"1303","T3","2022-01-03","unburned",0,29,"ephipium",0.956022944550669
"1304","T4","2022-02-01","unburned",0,29,"calanoid",0
"1305","T4","2022-02-01","unburned",0,29,"cyclopoid",0
"1306","T4","2022-02-01","unburned",0,29,"nauplii",0
"1307","T4","2022-02-01","unburned",0,29,"chironomid",0
"1308","T4","2022-02-01","unburned",0,29,"keratella",0
"1309","T4","2022-02-01","unburned",0,29,"kellicottia",0
"1310","T4","2022-02-01","unburned",0,29,"asplanchna",0
"1311","T4","2022-02-01","unburned",0,29,"bosmina",0
"1312","T4","2022-02-01","unburned",0,29,"ceriodaphnia",0
"1313","T4","2022-02-01","unburned",0,29,"daphnia",1.00250626566416
"1314","T4","2022-02-01","unburned",0,29,"mosquito",0
"1315","T4","2022-02-01","unburned",0,29,"ephipium",11.0275689223058
"1316","T4","2022-02-01","unburned",0,29,"unknown 7",0.50125313283208
"1317","T0","2021-11-03","burned",400,30,"calanoid",0
"1318","T0","2021-11-03","burned",400,30,"chironomid",0
"1319","T0","2021-11-03","burned",400,30,"chironomid",0
"1320","T0","2021-11-03","burned",400,30,"cyclopoid",0
"1321","T0","2021-11-03","burned",400,30,"nauplii",0.835654596100279
"1322","T0","2021-11-03","burned",400,30,"keratella",0.835654596100279
"1323","T0","2021-11-03","burned",400,30,"keratella",1.67130919220056
"1324","T0","2021-11-03","burned",400,30,"nauplii",0.557103064066852
"1325","T0","2021-11-03","burned",400,30,"daphnia",0
"1326","T0","2021-11-03","burned",400,30,"cyclopoid",0.278551532033426
"1327","T0","2021-11-03","burned",400,30,"calanoid",0
"1328","T0","2021-11-03","burned",400,30,"kellicottia",0.557103064066852
"1329","T0","2021-11-03","burned",400,30,"calanoid",0
"1330","T0","2021-11-03","burned",400,30,"nauplii",0
"1331","T0","2021-11-03","burned",400,30,"kellicottia",0
"1332","T0","2021-11-03","burned",400,30,"cyclopoid",0
"1333","T0","2021-11-03","burned",400,30,"chironomid",0
"1334","T0","2021-11-03","burned",400,30,"asplanchna",0
"1335","T0","2021-11-03","burned",400,30,"bosmina",0
"1336","T0","2021-11-03","burned",400,30,"keratella",1.1142061281337
"1337","T0","2021-11-03","burned",400,30,"kellicottia",0
"1338","T0","2021-11-03","burned",400,30,"daphnia",0
"1339","T0","2021-11-03","burned",400,30,"ceriodaphnia",0
"1340","T1","2021-11-15","burned",400,30,"calanoid",0.341296928327645
"1341","T1","2021-11-15","burned",400,30,"cyclopoid",0.68259385665529
"1342","T1","2021-11-15","burned",400,30,"chironomid",0
"1343","T1","2021-11-15","burned",400,30,"nauplii",0
"1344","T1","2021-11-15","burned",400,30,"kellicottia",0
"1345","T1","2021-11-15","burned",400,30,"keratella",0
"1346","T1","2021-11-15","burned",400,30,"bosmina",0
"1347","T1","2021-11-15","burned",400,30,"ceriodaphnia",0
"1348","T1","2021-11-15","burned",400,30,"daphnia",0
"1349","T1","2021-11-15","burned",400,30,"mosquito",2.04778156996587
"1350","T2","2021-12-06","burned",400,30,"calanoid",0.25
"1351","T2","2021-12-06","burned",400,30,"cyclopoid",0.25
"1352","T2","2021-12-06","burned",400,30,"chironomid",0.5
"1353","T2","2021-12-06","burned",400,30,"nauplii",0.25
"1354","T2","2021-12-06","burned",400,30,"kellicottia",0
"1355","T2","2021-12-06","burned",400,30,"keratella",0
"1356","T2","2021-12-06","burned",400,30,"daphnia",0.25
"1357","T2","2021-12-06","burned",400,30,"mosquito",2.75
"1358","T3","2022-01-03","burned",400,30,"calanoid",0
"1359","T3","2022-01-03","burned",400,30,"cyclopoid",0
"1360","T3","2022-01-03","burned",400,30,"nauplii",0
"1361","T3","2022-01-03","burned",400,30,"chironomid",0
"1362","T3","2022-01-03","burned",400,30,"keratella",0
"1363","T3","2022-01-03","burned",400,30,"kellicottia",0
"1364","T3","2022-01-03","burned",400,30,"asplanchna",0
"1365","T3","2022-01-03","burned",400,30,"bosmina",0
"1366","T3","2022-01-03","burned",400,30,"ceriodaphnia",0
"1367","T3","2022-01-03","burned",400,30,"daphnia",0.402414486921529
"1368","T3","2022-01-03","burned",400,30,"mosquito",0.402414486921529
"1369","T3","2022-01-03","burned",400,30,"ephipium",0.804828973843058
"1370","T4","2022-02-01","burned",400,30,"calanoid",0
"1371","T4","2022-02-01","burned",400,30,"cyclopoid",0
"1372","T4","2022-02-01","burned",400,30,"chironomid",0.547945205479452
"1373","T4","2022-02-01","burned",400,30,"nauplii",0.273972602739726
"1374","T4","2022-02-01","burned",400,30,"ephipium",0
"1375","T4","2022-02-01","burned",400,30,"mayfly",0.273972602739726
"1376","T4","2022-02-01","burned",400,30,"bosmina",0
"1377","T4","2022-02-01","burned",400,30,"ceriodaphnia",0
"1378","T4","2022-02-01","burned",400,30,"daphnia",0
"1379","T4","2022-02-01","burned",400,30,"mosquito",1.36986301369863
