TANK,DATE COLLECTED,Time.point,%COUNTED,COUNTED ON,COUNTED BY,SPECIES,# OF INDIVIDUALS,NOTES
12,2021-11-03,T0,100,11/19/2021,Bautista,Calanoid,0,
12,2021-11-03,T0,100,11/19/2021,Bautista,Cyclopoid,3,
12,2021-11-03,T0,100,11/19/2021,Bautista,Nauplii,0,
12,2021-11-03,T0,100,11/19/2021,Bautista,Chironomid,0,
12,2021-11-03,T0,100,11/19/2021,Bautista,Keratella,0,
12,2021-11-03,T0,100,11/19/2021,Bautista,Kellicottia,0,
2,2021-11-03,T0,100,11/19/2021,Bautista,Calanoid,0,
2,2021-11-03,T0,100,11/19/2021,Bautista,Cyclopoid,1,
2,2021-11-03,T0,100,11/19/2021,Bautista,Nauplii,2,
2,2021-11-03,T0,100,11/19/2021,Bautista,Chironomid,0,
2,2021-11-03,T0,100,11/19/2021,Bautista,Keratella,3,
2,2021-11-03,T0,100,11/19/2021,Bautista,Kellicottia,3,
2,2021-11-03,T0,100,11/19/2021,Bautista,Daphnia,1,
30,2021-11-03,T0,100,11/19/2021,Bautista,Calanoid,0,
30,2021-11-03,T0,100,11/19/2021,Bautista,Cyclopoid,1,
30,2021-11-03,T0,100,11/19/2021,Bautista,Nauplii,3,
30,2021-11-03,T0,100,11/19/2021,Bautista,Chironomid,0,
30,2021-11-03,T0,100,11/19/2021,Bautista,Keratella,6,
30,2021-11-03,T0,100,11/19/2021,Bautista,Kellicottia,2,
30,2021-11-03,T0,100,11/19/2021,Bautista,Daphnia,0,
27,2021-11-03,T0,100,11/19/2021,Bautista,Calanoid,0,
27,2021-11-03,T0,100,11/19/2021,Bautista,Cyclopoid,1,
27,2021-11-03,T0,100,11/19/2021,Bautista,Nauplii,1,
27,2021-11-03,T0,100,11/19/2021,Bautista,Chironomid,0,
27,2021-11-03,T0,100,11/19/2021,Bautista,Keratella,7,
27,2021-11-03,T0,100,11/19/2021,Bautista,Kellicottia,4,
27,2021-11-03,T0,100,11/19/2021,Bautista,Daphnia,1,
1,2021-11-03,T0,100,11/20/2021,Bautista,Calanoid,1,
1,2021-11-03,T0,100,11/20/2021,Bautista,Cyclopoid,5,
1,2021-11-03,T0,100,11/20/2021,Bautista,Nauplii,3,
1,2021-11-03,T0,100,11/20/2021,Bautista,Chironomid,0,
1,2021-11-03,T0,100,11/20/2021,Bautista,Keratella,0,
1,2021-11-03,T0,100,11/20/2021,Bautista,Kellicottia,4,
1,2021-11-03,T0,100,11/20/2021,Bautista,Daphnia,0,
7,2021-11-03,T0,100,11/20/2021,Bautista,Calanoid,1,
7,2021-11-03,T0,100,11/20/2021,Bautista,Cyclopoid,1,
7,2021-11-03,T0,100,11/20/2021,Bautista,Nauplii,0,
7,2021-11-03,T0,100,11/20/2021,Bautista,Chironomid,0,
7,2021-11-03,T0,100,11/20/2021,Bautista,Keratella,3,
7,2021-11-03,T0,100,11/20/2021,Bautista,Kellicottia,4,
7,2021-11-03,T0,100,11/20/2021,Bautista,Daphnia,0,
6,2021-11-03,T0,100,11/20/2021,Bautista,Calanoid,1,
6,2021-11-03,T0,100,11/20/2021,Bautista,Cyclopoid,0,
6,2021-11-03,T0,100,11/20/2021,Bautista,Nauplii,1,
6,2021-11-03,T0,100,11/20/2021,Bautista,Chironomid,0,
6,2021-11-03,T0,100,11/20/2021,Bautista,Keratella,2,
6,2021-11-03,T0,100,11/20/2021,Bautista,Kellicottia,4,
6,2021-11-03,T0,100,11/20/2021,Bautista,Daphnia,1,
2,2021-11-03,T0,100,11/8/2021,Evelyn,Calanoid,0,
2,2021-11-03,T0,100,11/8/2021,Evelyn,Cyclopoid,1,
2,2021-11-03,T0,100,11/8/2021,Evelyn,Chironomid,4,
2,2021-11-03,T0,100,11/8/2021,Evelyn,Nauplii,2,
2,2021-11-03,T0,100,11/8/2021,Evelyn,Kellicottia,0,
2,2021-11-03,T0,100,11/8/2021,Evelyn,Keratella,29,
30,2021-11-03,T0,100,11/8/2021,Evelyn,Calanoid,0,
30,2021-11-03,T0,100,11/8/2021,Evelyn,Cyclopoid,0,
30,2021-11-03,T0,100,11/8/2021,Evelyn,Chironomid,0,
30,2021-11-03,T0,100,11/8/2021,Evelyn,Nauplii,0,
30,2021-11-03,T0,100,11/8/2021,Evelyn,Kellicottia,0,
30,2021-11-03,T0,100,11/8/2021,Evelyn,Keratella,3,
12,2021-11-03,T0,100,11/8/2021,Evelyn,Calanoid,0,
12,2021-11-03,T0,100,11/8/2021,Evelyn,Cyclopoid,2,
12,2021-11-03,T0,100,11/8/2021,Evelyn,Chironomid,0,
12,2021-11-03,T0,100,11/8/2021,Evelyn,Nauplii,0,
12,2021-11-03,T0,100,11/8/2021,Evelyn,Kellicottia,0,
12,2021-11-03,T0,100,11/8/2021,Evelyn,Keratella,2,
19,2021-11-03,T0,100,11/8/2021,Evelyn,Calanoid,0,
19,2021-11-03,T0,100,11/8/2021,Evelyn,Cyclopoid,1,
19,2021-11-03,T0,100,11/8/2021,Evelyn,Chironomid,0,
19,2021-11-03,T0,100,11/8/2021,Evelyn,Nauplii,0,
19,2021-11-03,T0,100,11/8/2021,Evelyn,Kellicottia,0,
19,2021-11-03,T0,100,11/8/2021,Evelyn,Keratella,2,
22,2021-11-03,T0,100,11/8/2021,Evelyn,Calanoid,0,
22,2021-11-03,T0,100,11/8/2021,Evelyn,Cyclopoid,0,
22,2021-11-03,T0,100,11/8/2021,Evelyn,Chironomid,0,
22,2021-11-03,T0,100,11/8/2021,Evelyn,Nauplii,0,
22,2021-11-03,T0,100,11/8/2021,Evelyn,Kellicottia,0,
22,2021-11-03,T0,100,11/8/2021,Evelyn,Keratella,1,
8,2021-11-03,T0,100,11/8/2021,Evelyn,Calanoid,1,
8,2021-11-03,T0,100,11/8/2021,Evelyn,Cyclopoid,1,
8,2021-11-03,T0,100,11/8/2021,Evelyn,Chironomid,0,
8,2021-11-03,T0,100,11/8/2021,Evelyn,Nauplii,0,
8,2021-11-03,T0,100,11/8/2021,Evelyn,Kellicottia,0,
8,2021-11-03,T0,100,11/8/2021,Evelyn,Keratella,1,
8,2021-11-03,T0,100,11/8/2021,Evelyn,Ceriodaphnia,1,
8,2021-11-03,T0,100,11/8/2021,Evelyn,Caterpillars,2,
13,2021-11-03,T0,100,11/8/2021,Evelyn,Calanoid,0,
13,2021-11-03,T0,100,11/8/2021,Evelyn,Cyclopoid,0,
13,2021-11-03,T0,100,11/8/2021,Evelyn,Chironomid,0,
13,2021-11-03,T0,100,11/8/2021,Evelyn,Nauplii,0,
13,2021-11-03,T0,100,11/8/2021,Evelyn,Kellicottia,0,
13,2021-11-03,T0,100,11/8/2021,Evelyn,Keratella,0,
13,2021-11-03,T0,100,11/8/2021,Evelyn,Stringy thing,1,
13,2021-11-03,T0,100,11/8/2021,Evelyn,Caterpillars,1,
9,2021-11-03,T0,100,11/8/2021,Evelyn,Calanoid,2,
9,2021-11-03,T0,100,11/8/2021,Evelyn,Cyclopoid,4,
9,2021-11-03,T0,100,11/8/2021,Evelyn,Chironomid,0,
9,2021-11-03,T0,100,11/8/2021,Evelyn,Nauplii,0,
9,2021-11-03,T0,100,11/8/2021,Evelyn,Kellicottia,1,
9,2021-11-03,T0,100,11/8/2021,Evelyn,Keratella,0,
9,2021-11-03,T0,100,11/8/2021,Evelyn,Ceriodaphnia,0,
3,2021-11-03,T0,100,11/10/2021,Evelyn,Calanoid,0,
3,2021-11-03,T0,100,11/10/2021,Evelyn,Cyclopoid,3,
3,2021-11-03,T0,100,11/10/2021,Evelyn,Chironomid,0,
3,2021-11-03,T0,100,11/10/2021,Evelyn,Nauplii,1,
3,2021-11-03,T0,100,11/10/2021,Evelyn,Kellicottia,0,
3,2021-11-03,T0,100,11/10/2021,Evelyn,Keratella,0,
3,2021-11-03,T0,100,11/10/2021,Evelyn,Caterpillars,8,
3,2021-11-03,T0,100,11/10/2021,Evelyn,Ceriodaphnia,0,
3,2021-11-03,T0,100,11/10/2021,Evelyn,Daphnia,0,
3,2021-11-03,T0,100,11/10/2021,Evelyn,Bursted Daphnia,0,
27,2021-11-03,T0,100,11/10/2021,Evelyn,Calanoid,0,
27,2021-11-03,T0,100,11/10/2021,Evelyn,Cyclopoid,0,
27,2021-11-03,T0,100,11/10/2021,Evelyn,Chironomid,0,
27,2021-11-03,T0,100,11/10/2021,Evelyn,Nauplii,0,
27,2021-11-03,T0,100,11/10/2021,Evelyn,Kellicottia,0,
27,2021-11-03,T0,100,11/10/2021,Evelyn,Keratella,0,
27,2021-11-03,T0,100,11/10/2021,Evelyn,Caterpillars,0,
27,2021-11-03,T0,100,11/10/2021,Evelyn,Ceriodaphnia,0,
27,2021-11-03,T0,100,11/10/2021,Evelyn,Daphnia,1,
27,2021-11-03,T0,100,11/10/2021,Evelyn,Bursted Daphnia,0,
20,2021-11-03,T0,100,11/10/2021,Evelyn,Calanoid,0,
20,2021-11-03,T0,100,11/10/2021,Evelyn,Cyclopoid,0,
20,2021-11-03,T0,100,11/10/2021,Evelyn,Chironomid,0,
20,2021-11-03,T0,100,11/10/2021,Evelyn,Nauplii,0,
20,2021-11-03,T0,100,11/10/2021,Evelyn,Kellicottia,0,
20,2021-11-03,T0,100,11/10/2021,Evelyn,Keratella,1,
20,2021-11-03,T0,100,11/10/2021,Evelyn,Caterpillars,0,
20,2021-11-03,T0,100,11/10/2021,Evelyn,Ceriodaphnia,1,
20,2021-11-03,T0,100,11/10/2021,Evelyn,Daphnia,0,
20,2021-11-03,T0,100,11/10/2021,Evelyn,Bursted Daphnia,3,
5,2021-11-03,T0,100,11/10/2021,Evelyn,Calanoid,0,
5,2021-11-03,T0,100,11/10/2021,Evelyn,Cyclopoid,0,
5,2021-11-03,T0,100,11/10/2021,Evelyn,Chironomid,0,
5,2021-11-03,T0,100,11/10/2021,Evelyn,Nauplii,0,
5,2021-11-03,T0,100,11/10/2021,Evelyn,Kellicottia,0,
5,2021-11-03,T0,100,11/10/2021,Evelyn,Keratella,0,
5,2021-11-03,T0,100,11/10/2021,Evelyn,Caterpillars,2,
5,2021-11-03,T0,100,11/10/2021,Evelyn,Ceriodaphnia,0,
5,2021-11-03,T0,100,11/10/2021,Evelyn,Daphnia,0,
5,2021-11-03,T0,100,11/10/2021,Evelyn,Bursted Daphnia,3,
16,2021-11-03,T0,100,11/10/2021,Evelyn,Calanoid,0,
16,2021-11-03,T0,100,11/10/2021,Evelyn,Cyclopoid,6,
16,2021-11-03,T0,100,11/10/2021,Evelyn,Chironomid,0,
16,2021-11-03,T0,100,11/10/2021,Evelyn,Nauplii,1,
16,2021-11-03,T0,100,11/10/2021,Evelyn,Kellicottia,0,
16,2021-11-03,T0,100,11/10/2021,Evelyn,Keratella,0,
16,2021-11-03,T0,100,11/10/2021,Evelyn,Caterpillars,1,
16,2021-11-03,T0,100,11/10/2021,Evelyn,Ceriodaphnia,4,
16,2021-11-03,T0,100,11/10/2021,Evelyn,Daphnia,0,
16,2021-11-03,T0,100,11/10/2021,Evelyn,Bursted Daphnia,6,
24,2021-11-03,T0,100,11/10/2021,Evelyn,Calanoid,0,
24,2021-11-03,T0,100,11/10/2021,Evelyn,Cyclopoid,1,
24,2021-11-03,T0,100,11/10/2021,Evelyn,Chironomid,0,
24,2021-11-03,T0,100,11/10/2021,Evelyn,Nauplii,2,
24,2021-11-03,T0,100,11/10/2021,Evelyn,Kellicottia,0,
24,2021-11-03,T0,100,11/10/2021,Evelyn,Keratella,0,
24,2021-11-03,T0,100,11/10/2021,Evelyn,Caterpillars,0,
24,2021-11-03,T0,100,11/10/2021,Evelyn,Ceriodaphnia,0,
24,2021-11-03,T0,100,11/10/2021,Evelyn,Daphnia,0,
24,2021-11-03,T0,100,11/10/2021,Evelyn,Bursted Daphnia,0,
28,2021-11-03,T0,100,11/10/2021,Evelyn,Calanoid,0,
28,2021-11-03,T0,100,11/10/2021,Evelyn,Cyclopoid,3,
28,2021-11-03,T0,100,11/10/2021,Evelyn,Chironomid,0,
28,2021-11-03,T0,100,11/10/2021,Evelyn,Nauplii,0,
28,2021-11-03,T0,100,11/10/2021,Evelyn,Kellicottia,0,
28,2021-11-03,T0,100,11/10/2021,Evelyn,Keratella,0,
28,2021-11-03,T0,100,11/10/2021,Evelyn,Caterpillars,0,
28,2021-11-03,T0,100,11/10/2021,Evelyn,Ceriodaphnia,1,
28,2021-11-03,T0,100,11/10/2021,Evelyn,Daphnia,0,
28,2021-11-03,T0,100,11/10/2021,Evelyn,Bursted Daphnia,1,
12,2022-11-03,T0,100,11/20/2021,Ariana,Calanoid,0,
12,2022-11-03,T0,100,11/20/2021,Ariana,Cyclopoid,0,
12,2022-11-03,T0,100,11/20/2021,Ariana,Nauplii,0,
12,2022-11-03,T0,100,11/20/2021,Ariana,Chironomid,0,
12,2022-11-03,T0,100,11/20/2021,Ariana,Keratella,0,
12,2022-11-03,T0,100,11/20/2021,Ariana,Kellicottia,0,
12,2022-11-03,T0,100,11/20/2021,Ariana,Asplanchna,0,
12,2022-11-03,T0,100,11/20/2021,Ariana,Bosmina,0,
12,2022-11-03,T0,100,11/20/2021,Ariana,Ceriodaphnia,0,
12,2022-11-03,T0,100,11/20/2021,Ariana,Daphnia,0,
2,2022-11-03,T0,100,11/20/2021,Ariana,Calanoid,0,
2,2022-11-03,T0,100,11/20/2021,Ariana,Cyclopoid,0,
2,2022-11-03,T0,100,11/20/2021,Ariana,Nauplii,0,
2,2022-11-03,T0,100,11/20/2021,Ariana,Chironomid,0,
2,2022-11-03,T0,100,11/20/2021,Ariana,Keratella,0,
2,2022-11-03,T0,100,11/20/2021,Ariana,Kellicottia,0,
2,2022-11-03,T0,100,11/20/2021,Ariana,Asplanchna,0,
2,2022-11-03,T0,100,11/20/2021,Ariana,Bosmina,0,
2,2022-11-03,T0,100,11/20/2021,Ariana,Ceriodaphnia,0,
2,2022-11-03,T0,100,11/20/2021,Ariana,Daphnia,0,
2,2022-11-03,T0,100,11/20/2021,Ariana,Unknown 1,1,Terrestrial Bug
30,2022-11-03,T0,100,11/20/2021,Ariana,Calanoid,0,
30,2022-11-03,T0,100,11/20/2021,Ariana,Cyclopoid,0,
30,2022-11-03,T0,100,11/20/2021,Ariana,Nauplii,2,
30,2022-11-03,T0,100,11/20/2021,Ariana,Chironomid,0,
30,2022-11-03,T0,100,11/20/2021,Ariana,Keratella,4,
30,2022-11-03,T0,100,11/20/2021,Ariana,Kellicottia,0,
30,2022-11-03,T0,100,11/20/2021,Ariana,Asplanchna,0,
30,2022-11-03,T0,100,11/20/2021,Ariana,Bosmina,0,
30,2022-11-03,T0,100,11/20/2021,Ariana,Ceriodaphnia,0,
30,2022-11-03,T0,100,11/20/2021,Ariana,Daphnia,0,
1,2021-11-15,T1,100,3-Dec-21,Bautista,Calanoid,0,
1,2021-11-15,T1,100,3-Dec-21,Bautista,Cyclopoid,0,
1,2021-11-15,T1,100,3-Dec-21,Bautista,Chironomid,5,
1,2021-11-15,T1,100,3-Dec-21,Bautista,Nauplii,1,
1,2021-11-15,T1,100,3-Dec-21,Bautista,Kellicottia,0,
1,2021-11-15,T1,100,3-Dec-21,Bautista,Keratella,0,
1,2021-11-15,T1,100,23-Feb-22,Bautista,Mosquito Larvae,30,
1,2021-11-15,T1,100,3-Dec-21,Bautista,Daphnia,0,
2,2022-11-15,T1,100,11/28/2021,Ariana,Calanoid,0,
2,2022-11-15,T1,100,11/28/2021,Ariana,Cyclopoid,0,
2,2022-11-15,T1,100,11/28/2021,Ariana,Nauplii,0,
2,2022-11-15,T1,100,11/28/2021,Ariana,Chironomid,0,
2,2022-11-15,T1,100,11/28/2021,Ariana,Keratella,0,
2,2022-11-15,T1,100,11/28/2021,Ariana,Kellicottia,2,
2,2022-11-15,T1,100,11/28/2021,Ariana,Asplanchna,0,
2,2022-11-15,T1,100,11/28/2021,Ariana,Bosmina,1,
2,2022-11-15,T1,100,11/28/2021,Ariana,Ceriodaphnia,7,
2,2022-11-15,T1,100,11/28/2021,Ariana,Unknown 2,1,Terrestrial Bug
2,2022-11-15,T1,100,11/28/2021,Ariana,Unknown 1,2,Terrestrial Bug
2,2022-11-15,T1,100,11/28/2021,Ariana,Daphnia,1,
3,2021-11-15,T1,100,11/24/2021,Evelyn,Calanoid,0,
3,2021-11-15,T1,100,11/24/2021,Evelyn,Cyclopoid,0,
3,2021-11-15,T1,100,11/24/2021,Evelyn,Chironomid,0,
3,2021-11-15,T1,100,11/24/2021,Evelyn,Nauplii,0,
3,2021-11-15,T1,100,11/24/2021,Evelyn,Kellicottia,0,
3,2021-11-15,T1,100,11/24/2021,Evelyn,Keratella,0,
3,2021-11-15,T1,100,11/24/2021,Evelyn,Caterpillars,1,
3,2021-11-15,T1,100,11/24/2021,Evelyn,Ceriodaphnia,0,
3,2021-11-15,T1,100,11/24/2021,Evelyn,Daphnia,1,
3,2021-11-15,T1,100,11/24/2021,Evelyn,Mosquito larvae,21,
4,2021-11-15,T1,100,11/22/2021,Evelyn,Calanoid,1,
4,2021-11-15,T1,100,11/22/2021,Evelyn,Cyclopoid,16,
4,2021-11-15,T1,100,11/22/2021,Evelyn,Chironomid,0,
4,2021-11-15,T1,100,11/22/2021,Evelyn,Nauplii,1,
4,2021-11-15,T1,100,11/22/2021,Evelyn,Kellicottia,0,
4,2021-11-15,T1,100,11/22/2021,Evelyn,Keratella,0,
4,2021-11-15,T1,100,11/22/2021,Evelyn,Caterpillars,7,
4,2021-11-15,T1,100,11/22/2021,Evelyn,Ceriodaphnia,0,
4,2021-11-15,T1,100,11/22/2021,Evelyn,Daphnia,0,
4,2021-11-15,T1,100,11/22/2021,Evelyn,Bursted Daphnia,0,
5,2021-11-15,T1,,22-Nov-21,Maddy,Calanoid,0,
5,2021-11-15,T1,,22-Nov-21,Maddy,Cyclopoid,0,
5,2021-11-15,T1,,22-Nov-21,Maddy,Chironomid,0,
5,2021-11-15,T1,,22-Nov-21,Maddy,Nauplii,0,
5,2021-11-15,T1,,22-Nov-21,Maddy,Kellicottia,0,
5,2021-11-15,T1,,22-Nov-21,Maddy,Keratella,0,
5,2021-11-15,T1,,22-Nov-21,Maddy,Daphnia,0,
6,2021-11-15,T1,100,11/24/2021,Evelyn,Calanoid,0,
6,2021-11-15,T1,100,11/24/2021,Evelyn,Cyclopoid,8,
6,2021-11-15,T1,100,11/24/2021,Evelyn,Chironomid,0,
6,2021-11-15,T1,100,11/24/2021,Evelyn,Nauplii,0,
6,2021-11-15,T1,100,11/24/2021,Evelyn,Kellicottia,0,
6,2021-11-15,T1,100,11/24/2021,Evelyn,Keratella,0,
6,2021-11-15,T1,100,11/24/2021,Evelyn,Bosmina,1,
6,2021-11-15,T1,100,11/24/2021,Evelyn,Ceriodaphnia,0,
6,2021-11-15,T1,100,11/24/2021,Evelyn,Daphnia,22,
6,2021-11-15,T1,100,11/24/2021,Evelyn,Mosquito larvae,0,
8,2021-11-15,T1,100,22-Nov-21,Maddy,Calanoid,8,
8,2021-11-15,T1,100,22-Nov-21,Maddy,Cyclopoid,24,
8,2021-11-15,T1,100,22-Nov-21,Maddy,Chironomid,0,
8,2021-11-15,T1,100,22-Nov-21,Maddy,Nauplii,6,
8,2021-11-15,T1,100,22-Nov-21,Maddy,Kellicottia,1,
8,2021-11-15,T1,100,22-Nov-21,Maddy,Keratella,0,
8,2021-11-15,T1,100,22-Nov-21,Maddy,Daphnia,35,
9,2021-11-15,T1,100,1-Dec-21,Maddy,Calanoid,1,
9,2021-11-15,T1,100,1-Dec-21,Maddy,Cyclopoid,1,
9,2021-11-15,T1,100,1-Dec-21,Maddy,Chironomid,0,
9,2021-11-15,T1,100,1-Dec-21,Maddy,Nauplii,0,
9,2021-11-15,T1,100,1-Dec-21,Maddy,Kellicottia,0,
9,2021-11-15,T1,100,1-Dec-21,Maddy,Keratella,0,
9,2021-11-15,T1,100,1-Dec-21,Maddy,Daphnia,5,
10,2021-11-15,T1,100,1-Dec-21,Maddy,Calanoid,27,
10,2021-11-15,T1,100,1-Dec-21,Maddy,Cyclopoid,32,
10,2021-11-15,T1,100,1-Dec-21,Maddy,Chironomid,0,
10,2021-11-15,T1,100,1-Dec-21,Maddy,Nauplii,3,
10,2021-11-15,T1,100,1-Dec-21,Maddy,Kellicottia,0,
10,2021-11-15,T1,100,1-Dec-21,Maddy,Keratella,0,
10,2021-11-15,T1,100,1-Dec-21,Maddy,Daphnia,51,
12,2021-11-15,T1,100,29-Nov-21,Maddy,Calanoid,6,
12,2021-11-15,T1,100,29-Nov-21,Maddy,Cyclopoid,12,
12,2021-11-15,T1,100,29-Nov-21,Maddy,Chironomid,0,
12,2021-11-15,T1,100,29-Nov-21,Maddy,Nauplii,2,
12,2021-11-15,T1,100,29-Nov-21,Maddy,Kellicottia,0,
12,2021-11-15,T1,100,29-Nov-21,Maddy,Keratella,0,
12,2021-11-15,T1,100,29-Nov-21,Maddy,Daphnia,33,
13,2021-11-15,T1,100,24-Nov-21,Maddy,Calanoid,0,
13,2021-11-15,T1,100,24-Nov-21,Maddy,Cyclopoid,4,
13,2021-11-15,T1,100,24-Nov-21,Maddy,Chironomid,0,
13,2021-11-15,T1,100,24-Nov-21,Maddy,Nauplii,0,
13,2021-11-15,T1,100,24-Nov-21,Maddy,Mosquito larvae,4,No Kellicottia
13,2021-11-15,T1,100,24-Nov-21,Maddy,Keratella,0,
13,2021-11-15,T1,100,24-Nov-21,Maddy,Daphnia,5,
14,2022-11-15,T1,100,11/28/2021,Ariana,Calanoid,18,
14,2022-11-15,T1,100,11/28/2021,Ariana,Cyclopoid,11,
14,2022-11-15,T1,100,11/28/2021,Ariana,Nauplii,2,
14,2022-11-15,T1,100,11/28/2021,Ariana,Chironomid,1,
14,2022-11-15,T1,100,11/28/2021,Ariana,Keratella,0,
14,2022-11-15,T1,100,11/28/2021,Ariana,Kellicottia,0,
14,2022-11-15,T1,100,11/28/2021,Ariana,Asplanchna,0,
14,2022-11-15,T1,100,11/28/2021,Ariana,Bosmina,0,
14,2022-11-15,T1,100,11/28/2021,Ariana,Ceriodaphnia,0,
14,2022-11-15,T1,100,11/28/2021,Ariana,Daphnia,20,
14,2021-11-15,T1,100,3-Dec-21,Bautista,Calanoid,19,
14,2021-11-15,T1,100,3-Dec-21,Bautista,Cyclopoid,7,
14,2021-11-15,T1,100,3-Dec-21,Bautista,Chironomid,0,
14,2021-11-15,T1,100,3-Dec-21,Bautista,Nauplii,2,
14,2021-11-15,T1,100,3-Dec-21,Bautista,Kellicottia,0,
14,2021-11-15,T1,100,3-Dec-21,Bautista,Keratella,0,
14,2021-11-15,T1,100,3-Dec-21,Bautista,Daphnia,19,
16,2021-11-15,T1,100,24-Nov-21,Maddy,Calanoid,3,
16,2021-11-15,T1,100,24-Nov-21,Maddy,Cyclopoid,5,
16,2021-11-15,T1,100,24-Nov-21,Maddy,Chironomid,0,
16,2021-11-15,T1,100,24-Nov-21,Maddy,Nauplii,1,
16,2021-11-15,T1,100,24-Nov-21,Maddy,Mosquito larvae,2,No Kellicottia
16,2021-11-15,T1,100,24-Nov-21,Maddy,Keratella,0,
16,2021-11-15,T1,100,24-Nov-21,Maddy,Daphnia,9,
18,2021-11-15,T1,100,1-Dec-21,Maddy,Calanoid,2,
18,2021-11-15,T1,100,1-Dec-21,Maddy,Cyclopoid,9,
18,2021-11-15,T1,100,1-Dec-21,Maddy,Chironomid,0,
18,2021-11-15,T1,100,1-Dec-21,Maddy,Nauplii,1,
18,2021-11-15,T1,100,1-Dec-21,Maddy,Kellicottia,0,
18,2021-11-15,T1,100,1-Dec-21,Maddy,Keratella,0,
18,2021-11-15,T1,100,1-Dec-21,Maddy,Daphnia,24,
19,2021-11-15,T1,100,29-Nov-21,Maddy,Calanoid,3,
19,2021-11-15,T1,100,29-Nov-21,Maddy,Cyclopoid,14,
19,2021-11-15,T1,100,29-Nov-21,Maddy,Chironomid,0,
19,2021-11-15,T1,100,29-Nov-21,Maddy,Nauplii,3,
19,2021-11-15,T1,100,29-Nov-21,Maddy,Kellicottia,0,
19,2021-11-15,T1,100,29-Nov-21,Maddy,Keratella,0,
19,2021-11-15,T1,100,29-Nov-21,Maddy,Daphnia,35,
20,2021-11-15,T1,100,3-Dec-21,Bautista,Calanoid,0,
20,2021-11-15,T1,100,3-Dec-21,Bautista,Cyclopoid,0,
20,2021-11-15,T1,100,3-Dec-21,Bautista,Chironomid,4,
20,2021-11-15,T1,100,3-Dec-21,Bautista,Nauplii,0,
20,2021-11-15,T1,100,3-Dec-21,Bautista,Kellicottia,0,
20,2021-11-15,T1,100,3-Dec-21,Bautista,Keratella,0,
20,2021-11-15,T1,100,3-Dec-21,Bautista,Daphnia,4,
21,2021-11-15,T1,100,24-Nov-21,Maddy,Calanoid,0,
21,2021-11-15,T1,100,24-Nov-21,Maddy,Cyclopoid,18,
21,2021-11-15,T1,100,24-Nov-21,Maddy,Chironomid,2,
21,2021-11-15,T1,100,24-Nov-21,Maddy,Nauplii,1,
21,2021-11-15,T1,100,24-Nov-21,Maddy,Kellicottia,0,
21,2021-11-15,T1,100,24-Nov-21,Maddy,Keratella,0,
21,2021-11-15,T1,100,24-Nov-21,Maddy,Daphnia,8,Mosquito larvae present
22,2022-11-15,T1,100,11/28/2021,Ariana,Calanoid,4,
22,2022-11-15,T1,100,11/28/2021,Ariana,Cyclopoid,0,
22,2022-11-15,T1,100,11/28/2021,Ariana,Nauplii,0,
22,2022-11-15,T1,100,11/28/2021,Ariana,Chironomid,0,
22,2022-11-15,T1,100,11/28/2021,Ariana,Keratella,0,
22,2022-11-15,T1,100,11/28/2021,Ariana,Kellicottia,0,
22,2022-11-15,T1,100,11/28/2021,Ariana,Asplanchna,0,
22,2022-11-15,T1,100,11/28/2021,Ariana,Bosmina,0,
22,2022-11-15,T1,100,11/28/2021,Ariana,Ceriodaphnia,3,
22,2022-11-15,T1,100,11/28/2021,Ariana,Daphnia,4,
22,2022-11-15,T1,100,11/28/2021,Ariana,Mosquito larvae,24,
23,2021-11-15,T1,100,11/24/2021,Evelyn,Calanoid,4,
23,2021-11-15,T1,100,11/24/2021,Evelyn,Cyclopoid,34,
23,2021-11-15,T1,100,11/24/2021,Evelyn,Chironomid,0,
23,2021-11-15,T1,100,11/24/2021,Evelyn,Nauplii,2,
23,2021-11-15,T1,100,11/24/2021,Evelyn,Kellicottia,0,
23,2021-11-15,T1,100,11/24/2021,Evelyn,Keratella,0,
23,2021-11-15,T1,100,11/24/2021,Evelyn,Caterpillars,0,
23,2021-11-15,T1,100,11/24/2021,Evelyn,Ceriodaphnia,6,
23,2021-11-15,T1,100,11/24/2021,Evelyn,Daphnia,177,
23,2021-11-15,T1,100,11/24/2021,Evelyn,Bursted Daphnia,0,
24,2021-11-15,T1,100,24-Nov-21,Maddy,Calanoid,3,
24,2021-11-15,T1,100,24-Nov-21,Maddy,Cyclopoid,2,
24,2021-11-15,T1,100,24-Nov-21,Maddy,Chironomid,0,
24,2021-11-15,T1,100,24-Nov-21,Maddy,Nauplii,1,
24,2021-11-15,T1,100,24-Nov-21,Maddy,Kellicottia,0,
24,2021-11-15,T1,100,24-Nov-21,Maddy,Keratella,0,
24,2021-11-15,T1,100,24-Nov-21,Maddy,Daphnia,9,
25,2021-11-15,T1,100,11/22/2021,Evelyn,Calanoid,1,
25,2021-11-15,T1,100,11/22/2021,Evelyn,Cyclopoid,26,
25,2021-11-15,T1,100,11/22/2021,Evelyn,Chironomid,0,
25,2021-11-15,T1,100,11/22/2021,Evelyn,Nauplii,2,
25,2021-11-15,T1,100,11/22/2021,Evelyn,Kellicottia,0,
25,2021-11-15,T1,100,11/22/2021,Evelyn,Keratella,1,
25,2021-11-15,T1,100,11/22/2021,Evelyn,Caterpillars,0,
25,2021-11-15,T1,100,11/22/2021,Evelyn,Ceriodaphnia,0,
25,2021-11-15,T1,100,11/22/2021,Evelyn,Daphnia,59,
25,2021-11-15,T1,100,11/22/2021,Evelyn,Bursted Daphnia,0,
26,2021-11-15,T1,100,11/24/2021,Evelyn,Calanoid,3,
26,2021-11-15,T1,100,11/24/2021,Evelyn,Cyclopoid,8,
26,2021-11-15,T1,100,11/24/2021,Evelyn,Chironomid,0,
26,2021-11-15,T1,100,11/24/2021,Evelyn,Nauplii,0,
26,2021-11-15,T1,100,11/24/2021,Evelyn,Kellicottia,0,
26,2021-11-15,T1,100,11/24/2021,Evelyn,Keratella,0,
26,2021-11-15,T1,100,11/24/2021,Evelyn,Caterpillars,0,
26,2021-11-15,T1,100,11/24/2021,Evelyn,Ceriodaphnia,0,
26,2021-11-15,T1,100,11/24/2021,Evelyn,Daphnia,4,
26,2021-11-15,T1,100,11/24/2021,Evelyn,Mosquito larvae,5,
27,2021-11-15,T1,100,1-Dec-21,Maddy,Calanoid,1,
27,2021-11-15,T1,100,1-Dec-21,Maddy,Cyclopoid,53,
27,2021-11-15,T1,100,1-Dec-21,Maddy,Chironomid,1,
27,2021-11-15,T1,100,1-Dec-21,Maddy,Nauplii,5,
27,2021-11-15,T1,100,1-Dec-21,Maddy,Kellicottia,0,
27,2021-11-15,T1,100,1-Dec-21,Maddy,Keratella,0,
27,2021-11-15,T1,100,1-Dec-21,Maddy,Daphnia,4,
28,2021-11-15,T1,100,22-Nov-21,Maddy,Calanoid,0,
28,2021-11-15,T1,100,22-Nov-21,Maddy,Cyclopoid,2,
28,2021-11-15,T1,100,22-Nov-21,Maddy,Chironomid,0,
28,2021-11-15,T1,100,22-Nov-21,Maddy,Nauplii,0,
28,2021-11-15,T1,100,22-Nov-21,Maddy,Kellicottia,0,
28,2021-11-15,T1,100,22-Nov-21,Maddy,Keratella,0,
28,2021-11-15,T1,100,22-Nov-21,Maddy,Daphnia,3,
29,2021-11-15,T1,100,24-Nov-21,Maddy,Calanoid,0,
29,2021-11-15,T1,100,24-Nov-21,Maddy,Cyclopoid,7,
29,2021-11-15,T1,100,24-Nov-21,Maddy,Chironomid,0,
29,2021-11-15,T1,100,24-Nov-21,Maddy,Nauplii,0,
29,2021-11-15,T1,100,24-Nov-21,Maddy,Kellicottia,0,
29,2021-11-15,T1,100,24-Nov-21,Maddy,Keratella,0,
29,2021-11-15,T1,100,24-Nov-21,Maddy,Daphnia,1,
17,2021-11-15,T1,100,1/10/2022,Evelyn,Calanoid,0,
17,2021-11-15,T1,100,1/10/2022,Evelyn,Cyclopoid,4,
17,2021-11-15,T1,100,1/10/2022,Evelyn,Chironomid,0,
17,2021-11-15,T1,100,1/10/2022,Evelyn,Nauplii,0,
17,2021-11-15,T1,100,1/10/2022,Evelyn,Kellicottia,0,
17,2021-11-15,T1,100,1/10/2022,Evelyn,Keratella,0,
17,2021-11-15,T1,100,1/10/2022,Evelyn,Bosmina,0,
17,2021-11-15,T1,100,1/10/2022,Evelyn,Ceriodaphnia,0,
17,2021-11-15,T1,100,1/10/2022,Evelyn,Daphnia,17,
17,2021-11-15,T1,100,1/10/2022,Evelyn,Mosquito larvae,2,
7,2021-11-15,T1,100,1/10/2022,Evelyn,Calanoid,0,
7,2021-11-15,T1,100,1/10/2022,Evelyn,Cyclopoid,2,
7,2021-11-15,T1,100,1/10/2022,Evelyn,Chironomid,0,
7,2021-11-15,T1,100,1/10/2022,Evelyn,Nauplii,0,
7,2021-11-15,T1,100,1/10/2022,Evelyn,Kellicottia,0,
7,2021-11-15,T1,100,1/10/2022,Evelyn,Keratella,0,
7,2021-11-15,T1,100,1/10/2022,Evelyn,Slug,1,
7,2021-11-15,T1,100,1/10/2022,Evelyn,Ceriodaphnia,0,
7,2021-11-15,T1,100,1/10/2022,Evelyn,Daphnia,0,
7,2021-11-15,T1,100,1/10/2022,Evelyn,Mosquito larvae,14,
15,2021-11-15,T1,100,1/10/2022,Evelyn,Calanoid,8,
15,2021-11-15,T1,100,1/10/2022,Evelyn,Cyclopoid,0,
15,2021-11-15,T1,100,1/10/2022,Evelyn,Chironomid,0,
15,2021-11-15,T1,100,1/10/2022,Evelyn,Nauplii,0,
15,2021-11-15,T1,100,1/10/2022,Evelyn,Kellicottia,0,
15,2021-11-15,T1,100,1/10/2022,Evelyn,Keratella,0,
15,2021-11-15,T1,100,1/10/2022,Evelyn,Bosmina,0,
15,2021-11-15,T1,100,1/10/2022,Evelyn,Ceriodaphnia,0,
15,2021-11-15,T1,100,1/10/2022,Evelyn,Daphnia,18,
15,2021-11-15,T1,100,1/10/2022,Evelyn,Mosquito larvae,1,
30,2021-11-15,T1,100,1/10/2022,Evelyn,Calanoid,1,
30,2021-11-15,T1,100,1/10/2022,Evelyn,Cyclopoid,2,
30,2021-11-15,T1,100,1/10/2022,Evelyn,Chironomid,0,
30,2021-11-15,T1,100,1/10/2022,Evelyn,Nauplii,0,
30,2021-11-15,T1,100,1/10/2022,Evelyn,Kellicottia,0,
30,2021-11-15,T1,100,1/10/2022,Evelyn,Keratella,0,
30,2021-11-15,T1,100,1/10/2022,Evelyn,Bosmina,0,
30,2021-11-15,T1,100,1/10/2022,Evelyn,Ceriodaphnia,0,
30,2021-11-15,T1,100,1/10/2022,Evelyn,Daphnia,0,
30,2021-11-15,T1,100,1/10/2022,Evelyn,Mosquito larvae,6,
11,2021-11-15,T1,100,1/10/2022,Evelyn,Calanoid,0,
11,2021-11-15,T1,100,1/10/2022,Evelyn,Cyclopoid,0,
11,2021-11-15,T1,100,1/10/2022,Evelyn,Chironomid,0,
11,2021-11-15,T1,100,1/10/2022,Evelyn,Nauplii,0,
11,2021-11-15,T1,100,1/10/2022,Evelyn,Kellicottia,0,
11,2021-11-15,T1,100,1/10/2022,Evelyn,Keratella,0,
11,2021-11-15,T1,100,1/10/2022,Evelyn,Bosmina,0,
11,2021-11-15,T1,100,1/10/2022,Evelyn,Ceriodaphnia,0,
11,2021-11-15,T1,100,1/10/2022,Evelyn,Daphnia,5,
11,2021-11-15,T1,100,1/10/2022,Evelyn,Mosquito larvae,3,
2,2021-12-06,T2,100,1/11/2022,Evelyn,Calanoid,2,
2,2021-12-06,T2,100,1/11/2022,Evelyn,Cyclopoid,1,
2,2021-12-06,T2,100,1/11/2022,Evelyn,Chironomid,0,
2,2021-12-06,T2,100,1/11/2022,Evelyn,Nauplii,0,
2,2021-12-06,T2,100,1/11/2022,Evelyn,Kellicottia,0,
2,2021-12-06,T2,100,1/11/2022,Evelyn,Keratella,0,
2,2021-12-06,T2,100,1/11/2022,Evelyn,Bosmina,0,
2,2021-12-06,T2,100,1/11/2022,Evelyn,Ceriodaphnia,1,
2,2021-12-06,T2,100,1/11/2022,Evelyn,Daphnia,17,
2,2021-12-06,T2,100,1/11/2022,Evelyn,Mosquito larvae,2,
3,2021-12-06,T2,100,1/11/2022,Evelyn,Calanoid,0,
3,2021-12-06,T2,100,1/11/2022,Evelyn,Cyclopoid,1,
3,2021-12-06,T2,100,1/11/2022,Evelyn,Chironomid,0,
3,2021-12-06,T2,100,1/11/2022,Evelyn,Nauplii,0,
3,2021-12-06,T2,100,1/11/2022,Evelyn,Kellicottia,0,
3,2021-12-06,T2,100,1/11/2022,Evelyn,Keratella,0,
3,2021-12-06,T2,100,1/11/2022,Evelyn,Bosmina,0,
3,2021-12-06,T2,100,1/11/2022,Evelyn,Ceriodaphnia,0,
3,2021-12-06,T2,100,1/11/2022,Evelyn,Daphnia,1,
3,2021-12-06,T2,100,1/11/2022,Evelyn,Mosquito larvae,46,
4,2021-12-06,T2,100,1/11/2022,Evelyn,Calanoid,5,
4,2021-12-06,T2,100,1/11/2022,Evelyn,Cyclopoid,0,
4,2021-12-06,T2,100,1/11/2022,Evelyn,Chironomid,0,
4,2021-12-06,T2,100,1/11/2022,Evelyn,Nauplii,0,
4,2021-12-06,T2,100,1/11/2022,Evelyn,Kellicottia,0,
4,2021-12-06,T2,100,1/11/2022,Evelyn,Keratella,0,
4,2021-12-06,T2,100,1/11/2022,Evelyn,Bosmina,0,
4,2021-12-06,T2,100,1/11/2022,Evelyn,Ceriodaphnia,0,
4,2021-12-06,T2,100,1/11/2022,Evelyn,Daphnia,64,
4,2021-12-06,T2,100,1/11/2022,Evelyn,Mosquito larvae,7,
6,2021-12-06,T2,100,1/11/2022,Evelyn,Calanoid,0,
6,2021-12-06,T2,100,1/11/2022,Evelyn,Cyclopoid,0,
6,2021-12-06,T2,100,1/11/2022,Evelyn,Chironomid,1,
6,2021-12-06,T2,100,1/11/2022,Evelyn,Nauplii,2,
6,2021-12-06,T2,100,1/11/2022,Evelyn,P bugs,4,
6,2021-12-06,T2,100,1/11/2022,Evelyn,Keratella,0,
6,2021-12-06,T2,100,1/11/2022,Evelyn,Bosmina,1,
6,2021-12-06,T2,100,1/11/2022,Evelyn,Ceriodaphnia,2,
6,2021-12-06,T2,100,1/11/2022,Evelyn,Daphnia,36,
6,2021-12-06,T2,100,1/11/2022,Evelyn,Mosquito larvae,1,
1,2021-12-06,T2,100,1/11/2022,Evelyn,Calanoid,0,
1,2021-12-06,T2,100,1/11/2022,Evelyn,Cyclopoid,2,
1,2021-12-06,T2,100,1/11/2022,Evelyn,Chironomid,0,
1,2021-12-06,T2,100,1/11/2022,Evelyn,Nauplii,0,
1,2021-12-06,T2,100,1/11/2022,Evelyn,Kellicottia,0,
1,2021-12-06,T2,100,1/11/2022,Evelyn,Keratella,0,
1,2021-12-06,T2,100,1/11/2022,Evelyn,Bosmina,0,
1,2021-12-06,T2,100,1/11/2022,Evelyn,Ceriodaphnia,0,
1,2021-12-06,T2,100,1/11/2022,Evelyn,Daphnia,0,
1,2021-12-06,T2,100,1/11/2022,Evelyn,Mosquito larvae,119,
29,2021-12-06,T2,100,1/13/2022,Evelyn,Calanoid,0,
29,2021-12-06,T2,100,1/13/2022,Evelyn,Cyclopoid,0,
29,2021-12-06,T2,100,1/13/2022,Evelyn,Chironomid,0,
29,2021-12-06,T2,100,1/13/2022,Evelyn,Nauplii,0,
29,2021-12-06,T2,100,1/13/2022,Evelyn,Kellicottia,0,
29,2021-12-06,T2,100,1/13/2022,Evelyn,Keratella,0,
29,2021-12-06,T2,100,1/13/2022,Evelyn,Bosmina,0,
29,2021-12-06,T2,100,1/13/2022,Evelyn,Ceriodaphnia,0,
29,2021-12-06,T2,100,1/13/2022,Evelyn,Daphnia,6,
29,2021-12-06,T2,100,1/13/2022,Evelyn,Mosquito larvae,0,
5,2021-12-06,T2,100,1/13/2022,Evelyn,Calanoid,5,
5,2021-12-06,T2,100,1/13/2022,Evelyn,Cyclopoid,0,
5,2021-12-06,T2,100,1/13/2022,Evelyn,Chironomid,0,
5,2021-12-06,T2,100,1/13/2022,Evelyn,Nauplii,0,
5,2021-12-06,T2,100,1/13/2022,Evelyn,P bugs,1,
5,2021-12-06,T2,100,1/13/2022,Evelyn,Keratella,0,
5,2021-12-06,T2,100,1/13/2022,Evelyn,Bosmina,0,
5,2021-12-06,T2,100,1/13/2022,Evelyn,Ceriodaphnia,0,
5,2021-12-06,T2,100,1/13/2022,Evelyn,Daphnia,6,
5,2021-12-06,T2,100,1/13/2022,Evelyn,Mosquito larvae,20,
7,2021-12-06,T2,100,1/18/2022,Evelyn,Calanoid,1,
7,2021-12-06,T2,100,1/18/2022,Evelyn,Cyclopoid,0,
7,2021-12-06,T2,100,1/18/2022,Evelyn,Chironomid,0,
7,2021-12-06,T2,100,1/18/2022,Evelyn,Nauplii,0,
7,2021-12-06,T2,100,1/18/2022,Evelyn,Ephipium,1,
7,2021-12-06,T2,100,1/18/2022,Evelyn,Keratella,0,
7,2021-12-06,T2,100,1/18/2022,Evelyn,Bosmina,0,
7,2021-12-06,T2,100,1/18/2022,Evelyn,Ceriodaphnia,4,
7,2021-12-06,T2,100,1/18/2022,Evelyn,Daphnia,74,
7,2021-12-06,T2,100,1/18/2022,Evelyn,Mosquito larvae,75,
8,2021-12-06,T2,100,1/18/2022,Evelyn,Calanoid,6,
8,2021-12-06,T2,100,1/18/2022,Evelyn,Cyclopoid,2,
8,2021-12-06,T2,100,1/18/2022,Evelyn,Chironomid,2,
8,2021-12-06,T2,100,1/18/2022,Evelyn,Nauplii,1,
8,2021-12-06,T2,100,1/18/2022,Evelyn,Ephipium,0,
8,2021-12-06,T2,100,1/18/2022,Evelyn,Keratella,0,
8,2021-12-06,T2,100,1/18/2022,Evelyn,Bosmina,0,
8,2021-12-06,T2,100,1/18/2022,Evelyn,Ceriodaphnia,4,
8,2021-12-06,T2,100,1/18/2022,Evelyn,Daphnia,49,
8,2021-12-06,T2,100,1/18/2022,Evelyn,Mosquito larvae,1,
9,2021-12-06,T2,100,1/18/2022,Evelyn,Calanoid,1,
9,2021-12-06,T2,100,1/18/2022,Evelyn,Cyclopoid,0,
9,2021-12-06,T2,100,1/18/2022,Evelyn,Chironomid,2,
9,2021-12-06,T2,100,1/18/2022,Evelyn,Nauplii,0,
9,2021-12-06,T2,100,1/18/2022,Evelyn,Ephipium,0,
9,2021-12-06,T2,100,1/18/2022,Evelyn,Keratella,0,
9,2021-12-06,T2,100,1/18/2022,Evelyn,Bosmina,0,
9,2021-12-06,T2,100,1/18/2022,Evelyn,Ceriodaphnia,1,
9,2021-12-06,T2,100,1/18/2022,Evelyn,Daphnia,1,
9,2021-12-06,T2,100,1/18/2022,Evelyn,Mosquito larvae,28,
10,2021-12-06,T2,100,1/18/2022,Evelyn,Calanoid,7,
10,2021-12-06,T2,100,1/18/2022,Evelyn,Cyclopoid,1,
10,2021-12-06,T2,100,1/18/2022,Evelyn,Chironomid,4,
10,2021-12-06,T2,100,1/18/2022,Evelyn,Nauplii,1,
10,2021-12-06,T2,100,1/18/2022,Evelyn,Ephipium,4,
10,2021-12-06,T2,100,1/18/2022,Evelyn,Keratella,0,
10,2021-12-06,T2,100,1/18/2022,Evelyn,Bosmina,0,
10,2021-12-06,T2,100,1/18/2022,Evelyn,Ceriodaphnia,0,
10,2021-12-06,T2,100,1/18/2022,Evelyn,Daphnia,54,
10,2021-12-06,T2,100,1/18/2022,Evelyn,Mosquito larvae,4,
11,2021-12-06,T2,100,1/24/2022,Evelyn,Calanoid,0,
11,2021-12-06,T2,100,1/24/2022,Evelyn,Cyclopoid,1,
11,2021-12-06,T2,100,1/24/2022,Evelyn,Chironomid,0,
11,2021-12-06,T2,100,1/24/2022,Evelyn,Nauplii,0,
11,2021-12-06,T2,100,1/24/2022,Evelyn,Kellicottia,0,
11,2021-12-06,T2,100,1/24/2022,Evelyn,Keratella,0,
11,2021-12-06,T2,100,1/24/2022,Evelyn,Bosmina,0,
11,2021-12-06,T2,100,1/24/2022,Evelyn,Ceriodaphnia,1,
11,2021-12-06,T2,100,1/24/2022,Evelyn,Daphnia,19,
11,2021-12-06,T2,100,1/24/2022,Evelyn,Mosquito larvae,14,
26,2021-12-06,T2,100,1/24/2022,Evelyn,Calanoid,0,
26,2021-12-06,T2,100,1/24/2022,Evelyn,Cyclopoid,1,
26,2021-12-06,T2,100,1/24/2022,Evelyn,Chironomid,1,
26,2021-12-06,T2,100,1/24/2022,Evelyn,Nauplii,1,
26,2021-12-06,T2,100,1/24/2022,Evelyn,Epliphium,2,
26,2021-12-06,T2,100,1/24/2022,Evelyn,Keratella,0,
26,2021-12-06,T2,100,1/24/2022,Evelyn,Bosmina,0,
26,2021-12-06,T2,100,1/24/2022,Evelyn,Ceriodaphnia,0,
26,2021-12-06,T2,100,1/24/2022,Evelyn,Daphnia,79,
26,2021-12-06,T2,100,1/24/2022,Evelyn,Mosquito larvae,31,
24,2021-12-06,T2,100,1/24/2022,Evelyn,Calanoid,1,
24,2021-12-06,T2,100,1/24/2022,Evelyn,Cyclopoid,3,
24,2021-12-06,T2,100,1/24/2022,Evelyn,Chironomid,2,
24,2021-12-06,T2,100,1/24/2022,Evelyn,Nauplii,1,
24,2021-12-06,T2,100,1/24/2022,Evelyn,Epliphium,1,
24,2021-12-06,T2,100,1/24/2022,Evelyn,Slug,1,
24,2021-12-06,T2,100,1/24/2022,Evelyn,Bosmina,0,
24,2021-12-06,T2,100,1/24/2022,Evelyn,Ceriodaphnia,0,
24,2021-12-06,T2,100,1/24/2022,Evelyn,Daphnia,151,
24,2021-12-06,T2,100,1/24/2022,Evelyn,Mosquito larvae,32,
14,2021-12-06,T2,100,1/24/2022,Evelyn,Calanoid,6,
14,2021-12-06,T2,100,1/24/2022,Evelyn,Cyclopoid,6,
14,2021-12-06,T2,100,1/24/2022,Evelyn,Chironomid,2,
14,2021-12-06,T2,100,1/24/2022,Evelyn,Nauplii,4,
14,2021-12-06,T2,100,1/24/2022,Evelyn,Epliphium,5,
14,2021-12-06,T2,100,1/24/2022,Evelyn,Keratella,0,
14,2021-12-06,T2,100,1/24/2022,Evelyn,Bosmina,0,
14,2021-12-06,T2,100,1/24/2022,Evelyn,Ceriodaphnia,0,
14,2021-12-06,T2,100,1/24/2022,Evelyn,Daphnia,78,
14,2021-12-06,T2,100,1/24/2022,Evelyn,Mosquito larvae,2,
19,2021-12-06,T2,100,1/24/2022,Evelyn,Calanoid,1,
19,2021-12-06,T2,100,1/24/2022,Evelyn,Cyclopoid,3,
19,2021-12-06,T2,100,1/24/2022,Evelyn,Chironomid,1,
19,2021-12-06,T2,100,1/24/2022,Evelyn,Nauplii,27,
19,2021-12-06,T2,100,1/24/2022,Evelyn,Epliphium,9,
19,2021-12-06,T2,100,1/24/2022,Evelyn,Keratella,0,
19,2021-12-06,T2,100,1/24/2022,Evelyn,Bosmina,0,
19,2021-12-06,T2,100,1/24/2022,Evelyn,Ceriodaphnia,0,
19,2021-12-06,T2,100,1/24/2022,Evelyn,Daphnia,102,
19,2021-12-06,T2,100,1/24/2022,Evelyn,Mosquito larvae,1,
15,2021-12-06,T2,100,1/24/2022,Evelyn,Calanoid,9,
15,2021-12-06,T2,100,1/24/2022,Evelyn,Cyclopoid,8,
15,2021-12-06,T2,100,1/24/2022,Evelyn,Chironomid,1,
15,2021-12-06,T2,100,1/24/2022,Evelyn,Nauplii,0,
15,2021-12-06,T2,100,1/24/2022,Evelyn,Epliphium,4,
15,2021-12-06,T2,100,1/24/2022,Evelyn,Keratella,0,
15,2021-12-06,T2,100,1/24/2022,Evelyn,Bosmina,0,
15,2021-12-06,T2,100,1/24/2022,Evelyn,Ceriodaphnia,1,
15,2021-12-06,T2,100,1/24/2022,Evelyn,Daphnia,305,
15,2021-12-06,T2,100,1/24/2022,Evelyn,Mosquito larvae,3,
25,2021-12-06,T2,,1/14/2022,Maddy,Calanoid,0,
25,2021-12-06,T2,,1/14/2022,Maddy,Cyclopoid,0,
25,2021-12-06,T2,,1/14/2022,Maddy,Chironomid,0,
25,2021-12-06,T2,,1/14/2022,Maddy,Nauplii,15,
25,2021-12-06,T2,,1/14/2022,Maddy,Kellicottia,0,
25,2021-12-06,T2,,1/14/2022,Maddy,Keratella,0,
25,2021-12-06,T2,,1/14/2022,Maddy,Daphnia,132,
25,2021-12-06,T2,,1/14/2022,Maddy,Mosquito larvae,2,
30,2021-12-06,T2,,1/14/2022,Maddy,Calanoid,1,
30,2021-12-06,T2,,1/14/2022,Maddy,Cyclopoid,1,
30,2021-12-06,T2,,1/14/2022,Maddy,Chironomid,2,
30,2021-12-06,T2,,1/14/2022,Maddy,Nauplii,1,
30,2021-12-06,T2,,1/14/2022,Maddy,Kellicottia,0,
30,2021-12-06,T2,,1/14/2022,Maddy,Keratella,0,
30,2021-12-06,T2,,1/14/2022,Maddy,Daphnia,1,
30,2021-12-06,T2,,1/14/2022,Maddy,Mosquito larvae,11,
22,2021-12-06,T2,,1/20/2022,Maddy,Calanoid,1,
22,2021-12-06,T2,,1/20/2022,Maddy,Cyclopoid,3,
22,2021-12-06,T2,,1/20/2022,Maddy,Chironomid,0,
22,2021-12-06,T2,,1/20/2022,Maddy,Nauplii,0,
22,2021-12-06,T2,,1/20/2022,Maddy,Kellicottia,0,
22,2021-12-06,T2,,1/20/2022,Maddy,Keratella,0,
22,2021-12-06,T2,,1/20/2022,Maddy,Daphnia,118,
22,2021-12-06,T2,,1/20/2022,Maddy,Mosquito larvae,20,
21,2021-12-06,T2,,1/20/2022,Maddy,Calanoid,1,
21,2021-12-06,T2,,1/20/2022,Maddy,Cyclopoid,3,
21,2021-12-06,T2,,1/20/2022,Maddy,Chironomid,0,
21,2021-12-06,T2,,1/20/2022,Maddy,Nauplii,75,
21,2021-12-06,T2,,1/20/2022,Maddy,Kellicottia,0,
21,2021-12-06,T2,,1/20/2022,Maddy,Keratella,0,
21,2021-12-06,T2,,1/20/2022,Maddy,Daphnia,113,
21,2021-12-06,T2,,1/20/2022,Maddy,Mosquito larvae,4,
16,2021-12-06,T2,,1/20/2022,Maddy,Calanoid,6,
16,2021-12-06,T2,,1/20/2022,Maddy,Cyclopoid,4,
16,2021-12-06,T2,,1/20/2022,Maddy,Chironomid,0,
16,2021-12-06,T2,,1/20/2022,Maddy,Nauplii,22,
16,2021-12-06,T2,,1/20/2022,Maddy,Kellicottia,0,
16,2021-12-06,T2,,1/20/2022,Maddy,Keratella,0,
16,2021-12-06,T2,,1/20/2022,Maddy,Daphnia,172,
16,2021-12-06,T2,,1/20/2022,Maddy,Mosquito larvae,0,
23,2021-12-06,T2,,1/20/2022,Maddy,Calanoid,0,
23,2021-12-06,T2,,1/20/2022,Maddy,Cyclopoid,1,
23,2021-12-06,T2,,1/20/2022,Maddy,Chironomid,0,
23,2021-12-06,T2,,1/20/2022,Maddy,Nauplii,15,
23,2021-12-06,T2,,1/20/2022,Maddy,Kellicottia,0,
23,2021-12-06,T2,,1/20/2022,Maddy,Keratella,0,
23,2021-12-06,T2,,1/20/2022,Maddy,Daphnia,106,
23,2021-12-06,T2,,1/20/2022,Maddy,Mosquito larvae,2,
20,2021-12-06,T2,,1/20/2022,Maddy,Calanoid,1,
20,2021-12-06,T2,,1/20/2022,Maddy,Cyclopoid,0,
20,2021-12-06,T2,,1/20/2022,Maddy,Chironomid,0,
20,2021-12-06,T2,,1/20/2022,Maddy,Nauplii,12,
20,2021-12-06,T2,,1/20/2022,Maddy,Kellicottia,0,
20,2021-12-06,T2,,1/20/2022,Maddy,Keratella,0,
20,2021-12-06,T2,,1/20/2022,Maddy,Daphnia,15,
20,2021-12-06,T2,,1/20/2022,Maddy,Mosquito larvae,12,
17,2021-12-06,T2,,1/20/2022,Maddy,Calanoid,6,
17,2021-12-06,T2,,1/20/2022,Maddy,Cyclopoid,6,
17,2021-12-06,T2,,1/20/2022,Maddy,Chironomid,0,
17,2021-12-06,T2,,1/20/2022,Maddy,Nauplii,44,
17,2021-12-06,T2,,1/20/2022,Maddy,Kellicottia,0,
17,2021-12-06,T2,,1/20/2022,Maddy,Keratella,0,
17,2021-12-06,T2,,1/20/2022,Maddy,Daphnia,185,
17,2021-12-06,T2,,1/20/2022,Maddy,Mosquito larvae,17,
28,2021-12-06,T2,,1/24/2022,Maddy,Calanoid,0,
28,2021-12-06,T2,,1/24/2022,Maddy,Cyclopoid,0,
28,2021-12-06,T2,,1/24/2022,Maddy,Chironomid,0,
28,2021-12-06,T2,,1/24/2022,Maddy,Nauplii,0,
28,2021-12-06,T2,,1/24/2022,Maddy,Kellicottia,0,
28,2021-12-06,T2,,1/24/2022,Maddy,Keratella,0,
28,2021-12-06,T2,,1/24/2022,Maddy,Daphnia,3,
28,2021-12-06,T2,,1/24/2022,Maddy,Mosquito larvae,80,
13,2021-12-06,T2,,1/24/2022,Maddy,Calanoid,0,
13,2021-12-06,T2,,1/24/2022,Maddy,Cyclopoid,4,
13,2021-12-06,T2,,1/24/2022,Maddy,Chironomid,0,
13,2021-12-06,T2,,1/24/2022,Maddy,Nauplii,12,
13,2021-12-06,T2,,1/24/2022,Maddy,Kellicottia,0,
13,2021-12-06,T2,,1/24/2022,Maddy,Keratella,0,
13,2021-12-06,T2,,1/24/2022,Maddy,Daphnia,42,
13,2021-12-06,T2,,1/24/2022,Maddy,Mosquito larvae,13,
13,2021-12-06,T2,,1/24/2022,Maddy,Mayfly,2,
12,2022-12-06,T2,100,1/21/2022,Ariana,Calanoid,1,
12,2022-12-06,T2,100,1/21/2022,Ariana,Cyclopoid,7,
12,2022-12-06,T2,100,1/21/2022,Ariana,Nauplii,0,
12,2022-12-06,T2,100,1/21/2022,Ariana,Chironomid,0,
12,2022-12-06,T2,100,1/21/2022,Ariana,Keratella,0,
12,2022-12-06,T2,100,1/21/2022,Ariana,Kellicottia,0,
12,2022-12-06,T2,100,1/21/2022,Ariana,Asplanchna,0,
12,2022-12-06,T2,100,1/21/2022,Ariana,Bosmina,0,
12,2022-12-06,T2,100,1/21/2022,Ariana,Ceriodaphnia,0,
12,2022-12-06,T2,100,1/21/2022,Ariana,Daphnia,62,
12,2022-12-06,T2,100,1/21/2022,Ariana,Mosquito Larvae,2,
12,2022-12-06,T2,100,1/21/2022,Ariana,Ephipium,5,
12,2022-12-06,T2,100,1/21/2022,Ariana,Unknown 1,1,Terrestrial Bug
12,2022-12-06,T2,100,1/21/2022,Ariana,Mayfly larva,3,
27,2022-12-06,T2,100,1/21/2022,Ariana,Calanoid,2,
27,2022-12-06,T2,100,1/21/2022,Ariana,Cyclopoid,0,
27,2022-12-06,T2,100,1/21/2022,Ariana,Nauplii,0,
27,2022-12-06,T2,100,1/21/2022,Ariana,Chironomid,0,
27,2022-12-06,T2,100,1/21/2022,Ariana,Keratella,0,
27,2022-12-06,T2,100,1/21/2022,Ariana,Kellicottia,0,
27,2022-12-06,T2,100,1/21/2022,Ariana,Asplanchna,0,
27,2022-12-06,T2,100,1/21/2022,Ariana,Bosmina,0,
27,2022-12-06,T2,100,1/21/2022,Ariana,Ceriodaphnia,0,
27,2022-12-06,T2,100,1/21/2022,Ariana,Daphnia,39,
27,2022-12-06,T2,100,1/21/2022,Ariana,Mosquito Larvae,0,
27,2022-12-06,T2,100,1/21/2022,Ariana,Ephipium,1,
18,2022-12-06,T2,100,1/21/2022,Ariana,Calanoid,4,
18,2022-12-06,T2,100,1/21/2022,Ariana,Cyclopoid,6,
18,2022-12-06,T2,100,1/21/2022,Ariana,Nauplii,1,
18,2022-12-06,T2,100,1/21/2022,Ariana,Chironomid,1,
18,2022-12-06,T2,100,1/21/2022,Ariana,Keratella,0,
18,2022-12-06,T2,100,1/21/2022,Ariana,Kellicottia,0,
18,2022-12-06,T2,100,1/21/2022,Ariana,Asplanchna,0,
18,2022-12-06,T2,100,1/21/2022,Ariana,Bosmina,0,
18,2022-12-06,T2,100,1/21/2022,Ariana,Ceriodaphnia,0,
18,2022-12-06,T2,100,1/21/2022,Ariana,Daphnia,100,
18,2022-12-06,T2,100,1/21/2022,Ariana,Mosquito Larvae,6,
18,2022-12-06,T2,100,1/21/2022,Ariana,Ephipium,3,
1,2022-01-03,T3,100,2/9/2022,Bautista Tobias,Calanoid,0,
1,2022-01-03,T3,100,2/9/2022,Bautista Tobias,Cyclopoid,0,
1,2022-01-03,T3,100,2/9/2022,Bautista Tobias,Chironomid,0,
1,2022-01-03,T3,100,2/9/2022,Bautista Tobias,Nauplii,0,
1,2022-01-03,T3,100,2/9/2022,Bautista Tobias,Kellicottia,0,
1,2022-01-03,T3,100,2/9/2022,Bautista Tobias,Keratella,0,
1,2022-01-03,T3,100,2/9/2022,Bautista Tobias,Daphnia,0,
1,2022-01-03,T3,100,2/9/2022,Bautista Tobias,Mosquito larvae,79,
1,2022-01-03,T3,100,2/9/2022,Bautista Tobias,Mayfly,1,
2,2022-01-03,T3,100,2/9/2022,Bautista Tobias,Calanoid,1,
2,2022-01-03,T3,100,2/9/2022,Bautista Tobias,Cyclopoid,1,
2,2022-01-03,T3,100,2/9/2022,Bautista Tobias,Chironomid,0,
2,2022-01-03,T3,100,2/9/2022,Bautista Tobias,Nauplii,14,
2,2022-01-03,T3,100,2/9/2022,Bautista Tobias,Kellicottia,0,
2,2022-01-03,T3,100,2/9/2022,Bautista Tobias,Keratella,0,
2,2022-01-03,T3,100,2/9/2022,Bautista Tobias,Daphnia,35,
2,2022-01-03,T3,100,2/9/2022,Bautista Tobias,Mosquito larvae,0,
2,2022-01-03,T3,100,2/9/2022,Bautista Tobias,Mayfly,0,
3,2022-01-03,T3,100,2/9/2022,Bautista Tobias,Calanoid,0,
3,2022-01-03,T3,100,2/9/2022,Bautista Tobias,Cyclopoid,0,
3,2022-01-03,T3,100,2/9/2022,Bautista Tobias,Chironomid,1,
3,2022-01-03,T3,100,2/9/2022,Bautista Tobias,Nauplii,1,
3,2022-01-03,T3,100,2/9/2022,Bautista Tobias,Kellicottia,0,
3,2022-01-03,T3,100,2/9/2022,Bautista Tobias,Keratella,0,
3,2022-01-03,T3,100,2/9/2022,Bautista Tobias,Daphnia,1,
3,2022-01-03,T3,100,2/9/2022,Bautista Tobias,Mosquito larvae,18,
3,2022-01-03,T3,100,2/9/2022,Bautista Tobias,Mayfly,0,
4,2022-01-03,T3,100,2/9/2022,Bautista Tobias,Calanoid,0,
4,2022-01-03,T3,100,2/9/2022,Bautista Tobias,Cyclopoid,0,
4,2022-01-03,T3,100,2/9/2022,Bautista Tobias,Chironomid,0,
4,2022-01-03,T3,100,2/9/2022,Bautista Tobias,Nauplii,7,
4,2022-01-03,T3,100,2/9/2022,Bautista Tobias,Kellicottia,0,
4,2022-01-03,T3,100,2/9/2022,Bautista Tobias,Keratella,0,
4,2022-01-03,T3,100,2/9/2022,Bautista Tobias,Daphnia,2,
4,2022-01-03,T3,100,2/9/2022,Bautista Tobias,Mosquito larvae,2,
4,2022-01-03,T3,100,2/9/2022,Bautista Tobias,Mayfly,0,
5,2022-01-03,T3,100,2/9/2022,Bautista Tobias,Calanoid,0,
5,2022-01-03,T3,100,2/9/2022,Bautista Tobias,Cyclopoid,2,
5,2022-01-03,T3,100,2/9/2022,Bautista Tobias,Chironomid,0,
5,2022-01-03,T3,100,2/9/2022,Bautista Tobias,Nauplii,2,
5,2022-01-03,T3,100,2/9/2022,Bautista Tobias,Kellicottia,0,
5,2022-01-03,T3,100,2/9/2022,Bautista Tobias,Keratella,0,
5,2022-01-03,T3,100,2/9/2022,Bautista Tobias,Daphnia,0,
5,2022-01-03,T3,100,2/9/2022,Bautista Tobias,Mosquito larvae,6,
5,2022-01-03,T3,100,2/9/2022,Bautista Tobias,Mayfly,0,
6,2022-01-03,T3,100,2/10/2022,Luke Willett,Calanoid,1,
6,2022-01-03,T3,100,2/10/2022,Luke Willett,Cyclopoid,0,
6,2022-01-03,T3,100,2/10/2022,Luke Willett,Chironomid,0,
6,2022-01-03,T3,100,2/10/2022,Luke Willett,Nauplii,19,
6,2022-01-03,T3,100,2/10/2022,Luke Willett,Kellicottia,0,
6,2022-01-03,T3,100,2/10/2022,Luke Willett,Keratella,0,
6,2022-01-03,T3,100,2/10/2022,Luke Willett,Daphnia,30,
6,2022-01-03,T3,100,2/10/2022,Luke Willett,Mosquito larvae,3,
6,2022-01-03,T3,100,2/10/2022,Luke Willett,Mayfly,0,
7,2022-01-03,T3,100,2/10/2022,Luke Willett,Calanoid,0,
7,2022-01-03,T3,100,2/10/2022,Luke Willett,Cyclopoid,1,
7,2022-01-03,T3,100,2/10/2022,Luke Willett,Chironomid,0,
7,2022-01-03,T3,100,2/10/2022,Luke Willett,Nauplii,10,
7,2022-01-03,T3,100,2/10/2022,Luke Willett,Kellicottia,0,
7,2022-01-03,T3,100,2/10/2022,Luke Willett,Keratella,0,
7,2022-01-03,T3,100,2/10/2022,Luke Willett,Daphnia,13,
7,2022-01-03,T3,100,2/10/2022,Luke Willett,Mosquito larvae,11,
7,2022-01-03,T3,100,2/10/2022,Luke Willett,Mayfly,0,
8,2022-01-03,T3,100,2/10/2022,Luke Willett,Calanoid,3,
8,2022-01-03,T3,100,2/10/2022,Luke Willett,Cyclopoid,0,
8,2022-01-03,T3,100,2/10/2022,Luke Willett,Chironomid,0,
8,2022-01-03,T3,100,2/10/2022,Luke Willett,Nauplii,5,
8,2022-01-03,T3,100,2/10/2022,Luke Willett,Kellicottia,0,
8,2022-01-03,T3,100,2/10/2022,Luke Willett,Keratella,0,
8,2022-01-03,T3,100,2/10/2022,Luke Willett,Daphnia,11,
8,2022-01-03,T3,100,2/10/2022,Luke Willett,Mosquito larvae,1,
8,2022-01-03,T3,100,2/10/2022,Luke Willett,Mayfly,0,
9,2022-01-03,T3,100,2/15/2022,Luke Willett,Calanoid,0,
9,2022-01-03,T3,100,2/15/2022,Luke Willett,Cyclopoid,0,
9,2022-01-03,T3,100,2/15/2022,Luke Willett,Chironomid,0,
9,2022-01-03,T3,100,2/15/2022,Luke Willett,Nauplii,0,
9,2022-01-03,T3,100,2/15/2022,Luke Willett,Kellicottia,0,
9,2022-01-03,T3,100,2/15/2022,Luke Willett,Keratella,0,
9,2022-01-03,T3,100,2/15/2022,Luke Willett,Daphnia,0,
9,2022-01-03,T3,100,2/15/2022,Luke Willett,Mosquito larvae,4,
9,2022-01-03,T3,100,2/15/2022,Luke Willett,Mayfly,0,
10,2022-01-03,T3,100,2/14/2022,Evelyn,Calanoid,3,
10,2022-01-03,T3,100,2/14/2022,Evelyn,Cyclopoid,0,
10,2022-01-03,T3,100,2/14/2022,Evelyn,Chironomid,0,
10,2022-01-03,T3,100,2/14/2022,Evelyn,Nauplii,35,
10,2022-01-03,T3,100,2/14/2022,Evelyn,Epliphium,6,
10,2022-01-03,T3,100,2/14/2022,Evelyn,Keratella,0,
10,2022-01-03,T3,100,2/14/2022,Evelyn,Bosmina,0,
10,2022-01-03,T3,100,2/14/2022,Evelyn,Ceriodaphnia,0,
10,2022-01-03,T3,100,2/14/2022,Evelyn,Daphnia,21,
10,2022-01-03,T3,100,2/14/2022,Evelyn,Mosquito larvae,0,
11,2022-01-03,T3,100,2/14/2022,Evelyn,Calanoid,0,
11,2022-01-03,T3,100,2/14/2022,Evelyn,Cyclopoid,1,
11,2022-01-03,T3,100,2/14/2022,Evelyn,Chironomid,0,
11,2022-01-03,T3,100,2/14/2022,Evelyn,Nauplii,5,
11,2022-01-03,T3,100,2/14/2022,Evelyn,Epliphium,1,
11,2022-01-03,T3,100,2/14/2022,Evelyn,Keratella,0,
11,2022-01-03,T3,100,2/14/2022,Evelyn,Bosmina,0,
11,2022-01-03,T3,100,2/14/2022,Evelyn,Ceriodaphnia,0,
11,2022-01-03,T3,100,2/14/2022,Evelyn,Daphnia,2,
11,2022-01-03,T3,100,2/14/2022,Evelyn,Mosquito larvae,8,
12,2022-01-03,T3,100,2/15/2022,Luke Willett,Calanoid,2,
12,2022-01-03,T3,100,2/15/2022,Luke Willett,Cyclopoid,0,
12,2022-01-03,T3,100,2/15/2022,Luke Willett,Chironomid,0,
12,2022-01-03,T3,100,2/15/2022,Luke Willett,Nauplii,0,
12,2022-01-03,T3,100,2/15/2022,Luke Willett,Kellicottia,0,
12,2022-01-03,T3,100,2/15/2022,Luke Willett,Keratella,0,
12,2022-01-03,T3,100,2/15/2022,Luke Willett,Daphnia,17,
12,2022-01-03,T3,100,2/15/2022,Luke Willett,Mosquito larvae,0,
12,2022-01-03,T3,100,2/15/2022,Luke Willett,Mayfly,1,
13,2022-01-03,T3,100,2/14/2022,Evelyn,Calanoid,0,
13,2022-01-03,T3,100,2/14/2022,Evelyn,Cyclopoid,1,
13,2022-01-03,T3,100,2/14/2022,Evelyn,Chironomid,0,
13,2022-01-03,T3,100,2/14/2022,Evelyn,Nauplii,16,
13,2022-01-03,T3,100,2/14/2022,Evelyn,Epliphium,7,
13,2022-01-03,T3,100,2/14/2022,Evelyn,Mayfly larva,1,
13,2022-01-03,T3,100,2/14/2022,Evelyn,Bosmina,0,
13,2022-01-03,T3,100,2/14/2022,Evelyn,Ceriodaphnia,0,
13,2022-01-03,T3,100,2/14/2022,Evelyn,Daphnia,0,
13,2022-01-03,T3,100,2/14/2022,Evelyn,Mosquito larvae,3,
15,2022-01-03,T3,100,2/14/2022,Evelyn,Calanoid,0,
15,2022-01-03,T3,100,2/14/2022,Evelyn,Cyclopoid,0,
15,2022-01-03,T3,100,2/14/2022,Evelyn,Chironomid,0,
15,2022-01-03,T3,100,2/14/2022,Evelyn,Nauplii,30,
15,2022-01-03,T3,100,2/14/2022,Evelyn,Epliphium,6,
15,2022-01-03,T3,100,2/14/2022,Evelyn,Keratella,0,
15,2022-01-03,T3,100,2/14/2022,Evelyn,Bosmina,0,
15,2022-01-03,T3,100,2/14/2022,Evelyn,Ceriodaphnia,7,
15,2022-01-03,T3,100,2/14/2022,Evelyn,Daphnia,13,
15,2022-01-03,T3,100,2/14/2022,Evelyn,Mosquito larvae,2,
16,2022-01-03,T3,100,2/13/2022,Ariana,Calanoid,1,
16,2022-01-03,T3,100,2/13/2022,Ariana,Cyclopoid,0,
16,2022-01-03,T3,100,2/13/2022,Ariana,Nauplii,0,
16,2022-01-03,T3,100,2/13/2022,Ariana,Chironomid,0,
16,2022-01-03,T3,100,2/13/2022,Ariana,Keratella,0,
16,2022-01-03,T3,100,2/13/2022,Ariana,Kellicottia,0,
16,2022-01-03,T3,100,2/13/2022,Ariana,Asplanchna,0,
16,2022-01-03,T3,100,2/13/2022,Ariana,Bosmina,0,
16,2022-01-03,T3,100,2/13/2022,Ariana,Ceriodaphnia,0,
16,2022-01-03,T3,100,2/13/2022,Ariana,Daphnia,19,
16,2022-01-03,T3,100,2/13/2022,Ariana,Mosquito Larvae,0,
16,2022-01-03,T3,100,2/13/2022,Ariana,Ephipium,19,
18,2022-01-03,T3,100,2/14/2022,Evelyn,Calanoid,3,
18,2022-01-03,T3,100,2/14/2022,Evelyn,Cyclopoid,0,
18,2022-01-03,T3,100,2/14/2022,Evelyn,Chironomid,0,
18,2022-01-03,T3,100,2/14/2022,Evelyn,Nauplii,11,
18,2022-01-03,T3,100,2/14/2022,Evelyn,Epliphium,16,
18,2022-01-03,T3,100,2/14/2022,Evelyn,Keratella,0,
18,2022-01-03,T3,100,2/14/2022,Evelyn,Bosmina,0,
18,2022-01-03,T3,100,2/14/2022,Evelyn,Ceriodaphnia,0,
18,2022-01-03,T3,100,2/14/2022,Evelyn,Daphnia,51,
18,2022-01-03,T3,100,2/14/2022,Evelyn,Mosquito larvae,3,
19,2022-01-03,T3,100,2/14/2022,Evelyn,Calanoid,0,
19,2022-01-03,T3,100,2/14/2022,Evelyn,Cyclopoid,1,
19,2022-01-03,T3,100,2/14/2022,Evelyn,Chironomid,1,
19,2022-01-03,T3,100,2/14/2022,Evelyn,Nauplii,22,
19,2022-01-03,T3,100,2/14/2022,Evelyn,Epliphium,5,
19,2022-01-03,T3,100,2/14/2022,Evelyn,Keratella,0,
19,2022-01-03,T3,100,2/14/2022,Evelyn,Bosmina,0,
19,2022-01-03,T3,100,2/14/2022,Evelyn,Ceriodaphnia,0,
19,2022-01-03,T3,100,2/14/2022,Evelyn,Daphnia,2,
19,2022-01-03,T3,100,2/14/2022,Evelyn,Mosquito larvae,0,
20,2022-01-03,T3,100,2/12/2022,Ariana,Calanoid,0,
20,2022-01-03,T3,100,2/12/2022,Ariana,Cyclopoid,1,
20,2022-01-03,T3,100,2/12/2022,Ariana,Nauplii,0,
20,2022-01-03,T3,100,2/12/2022,Ariana,Chironomid,0,
20,2022-01-03,T3,100,2/12/2022,Ariana,Keratella,0,
20,2022-01-03,T3,100,2/12/2022,Ariana,Kellicottia,0,
20,2022-01-03,T3,100,2/12/2022,Ariana,Asplanchna,0,
20,2022-01-03,T3,100,2/12/2022,Ariana,Bosmina,0,
20,2022-01-03,T3,100,2/12/2022,Ariana,Ceriodaphnia,0,
20,2022-01-03,T3,100,2/12/2022,Ariana,Daphnia,4,
20,2022-01-03,T3,100,2/12/2022,Ariana,Mosquito Larvae,8,
20,2022-01-03,T3,100,2/12/2022,Ariana,Ephipium,2,
21,2022-01-03,T3,100,2/14/2022,Evelyn,Calanoid,0,
21,2022-01-03,T3,100,2/14/2022,Evelyn,Cyclopoid,0,
21,2022-01-03,T3,100,2/14/2022,Evelyn,Chironomid,0,
21,2022-01-03,T3,100,2/14/2022,Evelyn,Nauplii,111,
21,2022-01-03,T3,100,2/14/2022,Evelyn,Epliphium,5,
21,2022-01-03,T3,100,2/14/2022,Evelyn,Keratella,0,
21,2022-01-03,T3,100,2/14/2022,Evelyn,Bosmina,0,
21,2022-01-03,T3,100,2/14/2022,Evelyn,Ceriodaphnia,0,
21,2022-01-03,T3,100,2/14/2022,Evelyn,Daphnia,6,
21,2022-01-03,T3,100,2/14/2022,Evelyn,Mosquito larvae,0,
23,2022-01-03,T3,100,2/14/2022,Evelyn,Calanoid,0,
23,2022-01-03,T3,100,2/14/2022,Evelyn,Cyclopoid,0,
23,2022-01-03,T3,100,2/14/2022,Evelyn,Chironomid,0,
23,2022-01-03,T3,100,2/14/2022,Evelyn,Nauplii,4,
23,2022-01-03,T3,100,2/14/2022,Evelyn,Epliphium,0,
23,2022-01-03,T3,100,2/14/2022,Evelyn,Keratella,0,
23,2022-01-03,T3,100,2/14/2022,Evelyn,Bosmina,0,
23,2022-01-03,T3,100,2/14/2022,Evelyn,Ceriodaphnia,0,
23,2022-01-03,T3,100,2/14/2022,Evelyn,Daphnia,2,
23,2022-01-03,T3,100,2/14/2022,Evelyn,Mosquito larvae,0,
24,2022-01-03,T3,100,2/15/2022,Luke Willett,Calanoid,0,
24,2022-01-03,T3,100,2/15/2022,Luke Willett,Cyclopoid,0,
24,2022-01-03,T3,100,2/15/2022,Luke Willett,Chironomid,0,
24,2022-01-03,T3,100,2/15/2022,Luke Willett,Nauplii,0,
24,2022-01-03,T3,100,2/15/2022,Luke Willett,Kellicottia,0,
24,2022-01-03,T3,100,2/15/2022,Luke Willett,Keratella,0,
24,2022-01-03,T3,100,2/15/2022,Luke Willett,Daphnia,73,
24,2022-01-03,T3,100,2/15/2022,Luke Willett,Mosquito larvae,3,
24,2022-01-03,T3,100,2/15/2022,Luke Willett,Mosquito Pupae ?,1,
24,2022-01-03,T3,100,2/15/2022,Luke Willett,Mayfly,0,
25,2022-01-03,T3,100,2/13/2022,Ariana,Calanoid,0,
25,2022-01-03,T3,100,2/13/2022,Ariana,Cyclopoid,1,
25,2022-01-03,T3,100,2/13/2022,Ariana,Nauplii,0,
25,2022-01-03,T3,100,2/13/2022,Ariana,Chironomid,0,
25,2022-01-03,T3,100,2/13/2022,Ariana,Keratella,0,
25,2022-01-03,T3,100,2/13/2022,Ariana,Kellicottia,0,
25,2022-01-03,T3,100,2/13/2022,Ariana,Asplanchna,0,
25,2022-01-03,T3,100,2/13/2022,Ariana,Bosmina,0,
25,2022-01-03,T3,100,2/13/2022,Ariana,Ceriodaphnia,3,
25,2022-01-03,T3,100,2/13/2022,Ariana,Daphnia,6,
25,2022-01-03,T3,100,2/13/2022,Ariana,Mosquito Larvae,0,
25,2022-01-03,T3,100,2/13/2022,Ariana,Ephipium,4,
26,2022-01-03,T3,100,2/12/2022,Ariana,Calanoid,0,
26,2022-01-03,T3,100,2/12/2022,Ariana,Cyclopoid,1,
26,2022-01-03,T3,100,2/12/2022,Ariana,Nauplii,2,
26,2022-01-03,T3,100,2/12/2022,Ariana,Chironomid,0,
26,2022-01-03,T3,100,2/12/2022,Ariana,Keratella,0,
26,2022-01-03,T3,100,2/12/2022,Ariana,Kellicottia,0,
26,2022-01-03,T3,100,2/12/2022,Ariana,Asplanchna,0,
26,2022-01-03,T3,100,2/12/2022,Ariana,Bosmina,0,
26,2022-01-03,T3,100,2/12/2022,Ariana,Ceriodaphnia,0,
26,2022-01-03,T3,100,2/12/2022,Ariana,Daphnia,50,
26,2022-01-03,T3,100,2/12/2022,Ariana,Mosquito Larvae,5,
26,2022-01-03,T3,100,2/12/2022,Ariana,Ephipium,3,
26,2022-01-03,T3,100,2/12/2022,Ariana,Unknown 4,1,Terrestrial Bug
26,2022-01-03,T3,100,2/12/2022,Ariana,Unknown 1,1,Terrestrial Bug
26,2022-01-03,T3,100,2/12/2022,Ariana,Mayfly larva,1,
27,2022-01-03,T3,100,2/14/2022,Evelyn,Calanoid,0,
27,2022-01-03,T3,100,2/14/2022,Evelyn,Cyclopoid,0,
27,2022-01-03,T3,100,2/14/2022,Evelyn,Chironomid,0,
27,2022-01-03,T3,100,2/14/2022,Evelyn,Nauplii,3,
27,2022-01-03,T3,100,2/14/2022,Evelyn,Epliphium,3,
27,2022-01-03,T3,100,2/14/2022,Evelyn,Keratella,0,
27,2022-01-03,T3,100,2/14/2022,Evelyn,Bosmina,0,
27,2022-01-03,T3,100,2/14/2022,Evelyn,Ceriodaphnia,0,
27,2022-01-03,T3,100,2/14/2022,Evelyn,Daphnia,8,
27,2022-01-03,T3,100,2/14/2022,Evelyn,Mosquito larvae,2,
28,2022-01-03,T3,100,2/15/2022,Luke Willett,Calanoid,0,
28,2022-01-03,T3,100,2/15/2022,Luke Willett,Cyclopoid,1,
28,2022-01-03,T3,100,2/15/2022,Luke Willett,Chironomid,0,
28,2022-01-03,T3,100,2/15/2022,Luke Willett,Nauplii,0,
28,2022-01-03,T3,100,2/15/2022,Luke Willett,Kellicottia,0,
28,2022-01-03,T3,100,2/15/2022,Luke Willett,Keratella,0,
28,2022-01-03,T3,100,2/15/2022,Luke Willett,Daphnia,9,
28,2022-01-03,T3,100,2/15/2022,Luke Willett,Mosquito larvae,43,
28,2022-01-03,T3,100,2/15/2022,Luke Willett,Mayfly,0,
29,2022-01-03,T3,100,2/12/2022,Ariana,Calanoid,0,
29,2022-01-03,T3,100,2/12/2022,Ariana,Cyclopoid,0,
29,2022-01-03,T3,100,2/12/2022,Ariana,Nauplii,3,
29,2022-01-03,T3,100,2/12/2022,Ariana,Chironomid,0,
29,2022-01-03,T3,100,2/12/2022,Ariana,Keratella,0,
29,2022-01-03,T3,100,2/12/2022,Ariana,Kellicottia,0,
29,2022-01-03,T3,100,2/12/2022,Ariana,Asplanchna,0,
29,2022-01-03,T3,100,2/12/2022,Ariana,Bosmina,0,
29,2022-01-03,T3,100,2/12/2022,Ariana,Ceriodaphnia,0,
29,2022-01-03,T3,100,2/12/2022,Ariana,Daphnia,19,
29,2022-01-03,T3,100,2/12/2022,Ariana,Mosquito Larvae,3,
29,2022-01-03,T3,100,2/12/2022,Ariana,Ephipium,5,
30,2022-01-03,T3,100,2/13/2022,Ariana,Calanoid,0,
30,2022-01-03,T3,100,2/13/2022,Ariana,Cyclopoid,0,
30,2022-01-03,T3,100,2/13/2022,Ariana,Nauplii,0,
30,2022-01-03,T3,100,2/13/2022,Ariana,Chironomid,0,
30,2022-01-03,T3,100,2/13/2022,Ariana,Keratella,0,
30,2022-01-03,T3,100,2/13/2022,Ariana,Kellicottia,0,
30,2022-01-03,T3,100,2/13/2022,Ariana,Asplanchna,0,
30,2022-01-03,T3,100,2/13/2022,Ariana,Bosmina,0,
30,2022-01-03,T3,100,2/13/2022,Ariana,Ceriodaphnia,0,
30,2022-01-03,T3,100,2/13/2022,Ariana,Daphnia,2,
30,2022-01-03,T3,100,2/13/2022,Ariana,Mosquito Larvae,2,
30,2022-01-03,T3,100,2/13/2022,Ariana,Ephipium,4,
22,2022-01-03,T3,100,2/14/2022,Evelyn,Calanoid,1,
22,2022-01-03,T3,100,2/14/2022,Evelyn,Cyclopoid,0,
22,2022-01-03,T3,100,2/14/2022,Evelyn,Chironomid,0,
22,2022-01-03,T3,100,2/14/2022,Evelyn,Nauplii,4,
22,2022-01-03,T3,100,2/14/2022,Evelyn,Epliphium,2,
22,2022-01-03,T3,100,2/14/2022,Evelyn,Keratella,0,
22,2022-01-03,T3,100,2/14/2022,Evelyn,Bosmina,0,
22,2022-01-03,T3,100,2/14/2022,Evelyn,Ceriodaphnia,0,
22,2022-01-03,T3,100,2/14/2022,Evelyn,Daphnia,10,
22,2022-01-03,T3,100,2/14/2022,Evelyn,Mosquito larvae,0,
14,2022-01-03,T3,100,2/14/2022,Evelyn,Calanoid,2,
14,2022-01-03,T3,100,2/14/2022,Evelyn,Cyclopoid,0,
14,2022-01-03,T3,100,2/14/2022,Evelyn,Chironomid,0,
14,2022-01-03,T3,100,2/14/2022,Evelyn,Nauplii,5,
14,2022-01-03,T3,100,2/14/2022,Evelyn,Epliphium,18,
14,2022-01-03,T3,100,2/14/2022,Evelyn,Keratella,0,
14,2022-01-03,T3,100,2/14/2022,Evelyn,Bosmina,0,
14,2022-01-03,T3,100,2/14/2022,Evelyn,Ceriodaphnia,0,
14,2022-01-03,T3,100,2/14/2022,Evelyn,Daphnia,38,
14,2022-01-03,T3,100,2/14/2022,Evelyn,Mosquito larvae,0,
17,2022-01-03,T3,100,2/14/2022,Evelyn,Calanoid,1,
17,2022-01-03,T3,100,2/14/2022,Evelyn,Cyclopoid,0,
17,2022-01-03,T3,100,2/14/2022,Evelyn,Chironomid,0,
17,2022-01-03,T3,100,2/14/2022,Evelyn,Nauplii,17,
17,2022-01-03,T3,100,2/14/2022,Evelyn,Epliphium,8,
17,2022-01-03,T3,100,2/14/2022,Evelyn,Keratella,0,
17,2022-01-03,T3,100,2/14/2022,Evelyn,Bosmina,0,
17,2022-01-03,T3,100,2/14/2022,Evelyn,Ceriodaphnia,0,
17,2022-01-03,T3,100,2/14/2022,Evelyn,Daphnia,8,
17,2022-01-03,T3,100,2/14/2022,Evelyn,Mosquito larvae,0,
1,2022-02-01,T4,100,2/16/2022,Bauti,Calanoid,0,
1,2022-02-01,T4,100,2/16/2022,Bauti,Cyclopoid,1,
1,2022-02-01,T4,100,2/16/2022,Bauti,Chironomid,0,
1,2022-02-01,T4,100,2/16/2022,Bauti,Nauplii,2,
1,2022-02-01,T4,100,2/16/2022,Bauti,Epliphium,0,
1,2022-02-01,T4,100,2/16/2022,Bauti,Keratella,0,
1,2022-02-01,T4,100,2/16/2022,Bauti,Bosmina,0,
1,2022-02-01,T4,100,2/16/2022,Bauti,Ceriodaphnia,0,
1,2022-02-01,T4,100,2/16/2022,Bauti,Daphnia,21,
1,2022-02-01,T4,100,2/16/2022,Bauti,Mosquito larvae,17,
2,2022-02-01,T4,100,2/16/2022,Bauti,Calanoid,0,
2,2022-02-01,T4,100,2/16/2022,Bauti,Cyclopoid,0,
2,2022-02-01,T4,100,2/16/2022,Bauti,Chironomid,0,
2,2022-02-01,T4,100,2/16/2022,Bauti,Nauplii,1,
2,2022-02-01,T4,100,2/16/2022,Bauti,Epliphium,0,
2,2022-02-01,T4,100,2/16/2022,Bauti,Keratella,0,
2,2022-02-01,T4,100,2/16/2022,Bauti,Bosmina,0,
2,2022-02-01,T4,100,2/16/2022,Bauti,Ceriodaphnia,0,
2,2022-02-01,T4,100,2/16/2022,Bauti,Daphnia,26,
2,2022-02-01,T4,100,2/16/2022,Bauti,Mosquito larvae,0,
3,2022-02-01,T4,100,2/16/2022,Bauti,Calanoid,0,
3,2022-02-01,T4,100,2/16/2022,Bauti,Cyclopoid,0,
3,2022-02-01,T4,100,2/16/2022,Bauti,Chironomid,0,
3,2022-02-01,T4,100,2/16/2022,Bauti,Nauplii,4,
3,2022-02-01,T4,100,2/16/2022,Bauti,Epliphium,0,
3,2022-02-01,T4,100,2/16/2022,Bauti,Keratella,0,
3,2022-02-01,T4,100,2/16/2022,Bauti,Bosmina,0,
3,2022-02-01,T4,100,2/16/2022,Bauti,Ceriodaphnia,0,
3,2022-02-01,T4,100,2/16/2022,Bauti,Daphnia,29,
3,2022-02-01,T4,100,2/16/2022,Bauti,Mosquito larvae,14,
4,2022-02-01,T4,100,2/16/2022,Bauti,Calanoid,0,dragonfly larvae and juveniles
4,2022-02-01,T4,100,2/16/2022,Bauti,Cyclopoid,0,
4,2022-02-01,T4,100,2/16/2022,Bauti,Chironomid,0,
4,2022-02-01,T4,100,2/16/2022,Bauti,Nauplii,0,
4,2022-02-01,T4,100,2/16/2022,Bauti,Epliphium,0,
4,2022-02-01,T4,100,2/16/2022,Bauti,Keratella,0,
4,2022-02-01,T4,100,2/16/2022,Bauti,Bosmina,0,
4,2022-02-01,T4,100,2/16/2022,Bauti,Ceriodaphnia,0,
4,2022-02-01,T4,100,2/16/2022,Bauti,Daphnia,1,
4,2022-02-01,T4,100,2/16/2022,Bauti,Mosquito larvae,0,
5,2022-02-01,T4,100,2/16/2022,Bauti,Calanoid,0,
5,2022-02-01,T4,100,2/16/2022,Bauti,Cyclopoid,0,
5,2022-02-01,T4,100,2/16/2022,Bauti,Chironomid,0,
5,2022-02-01,T4,100,2/16/2022,Bauti,Nauplii,0,
5,2022-02-01,T4,100,2/16/2022,Bauti,Epliphium,0,
5,2022-02-01,T4,100,2/16/2022,Bauti,Keratella,0,
5,2022-02-01,T4,100,2/16/2022,Bauti,Bosmina,0,
5,2022-02-01,T4,100,2/16/2022,Bauti,Ceriodaphnia,10,
5,2022-02-01,T4,100,2/16/2022,Bauti,Daphnia,115,
5,2022-02-01,T4,100,2/16/2022,Bauti,Mosquito larvae,6,
6,2022-02-01,T4,100,2/17/2022,Evelyn,Calanoid,3,
6,2022-02-01,T4,100,2/17/2022,Evelyn,Cyclopoid,0,
6,2022-02-01,T4,100,2/17/2022,Evelyn,Chironomid,0,
6,2022-02-01,T4,100,2/17/2022,Evelyn,Nauplii,4,
6,2022-02-01,T4,100,2/17/2022,Evelyn,Epliphium,6,
6,2022-02-01,T4,100,2/17/2022,Evelyn,Mayfly larva,3,
6,2022-02-01,T4,100,2/17/2022,Evelyn,Bosmina,0,
6,2022-02-01,T4,100,2/17/2022,Evelyn,Ceriodaphnia,0,
6,2022-02-01,T4,100,2/17/2022,Evelyn,Daphnia,4,
6,2022-02-01,T4,100,2/17/2022,Evelyn,Mosquito larvae,0,
7,2022-02-01,T4,100,2/17/2022,Evelyn,Calanoid,0,
7,2022-02-01,T4,100,2/17/2022,Evelyn,Cyclopoid,2,
7,2022-02-01,T4,100,2/17/2022,Evelyn,Chironomid,0,
7,2022-02-01,T4,100,2/17/2022,Evelyn,Nauplii,1,
7,2022-02-01,T4,100,2/17/2022,Evelyn,Epliphium,2,
7,2022-02-01,T4,100,2/17/2022,Evelyn,Keratella,0,
7,2022-02-01,T4,100,2/17/2022,Evelyn,Worm things,3,
7,2022-02-01,T4,100,2/17/2022,Evelyn,Ceriodaphnia,1,
7,2022-02-01,T4,100,2/17/2022,Evelyn,Daphnia,130,
7,2022-02-01,T4,100,2/17/2022,Evelyn,Mosquito larvae,8,
8,2022-02-01,T4,100,2/19/2022,Ariana,Calanoid,3,
8,2022-02-01,T4,100,2/19/2022,Ariana,Cyclopoid,0,
8,2022-02-01,T4,100,2/19/2022,Ariana,Nauplii,17,
8,2022-02-01,T4,100,2/19/2022,Ariana,Chironomid,0,
8,2022-02-01,T4,100,2/19/2022,Ariana,Keratella,0,
8,2022-02-01,T4,100,2/19/2022,Ariana,Kellicottia,0,
8,2022-02-01,T4,100,2/19/2022,Ariana,Asplanchna,0,
8,2022-02-01,T4,100,2/19/2022,Ariana,Bosmina,0,
8,2022-02-01,T4,100,2/19/2022,Ariana,Ceriodaphnia,0,
8,2022-02-01,T4,100,2/19/2022,Ariana,Daphnia,5,
8,2022-02-01,T4,100,2/19/2022,Ariana,Mosquito Larvae,11,
8,2022-02-01,T4,100,2/19/2022,Ariana,Ephipium,9,
8,2022-02-01,T4,100,2/19/2022,Ariana,Worm,1,
8,2022-02-01,T4,100,2/19/2022,Ariana,Mite,1,
9,2022-02-01,T4,100,2/21/2022,Evelyn,Calanoid,0,
9,2022-02-01,T4,100,2/21/2022,Evelyn,Cyclopoid,1,
9,2022-02-01,T4,100,2/21/2022,Evelyn,Chironomid,3,
9,2022-02-01,T4,100,2/21/2022,Evelyn,Nauplii,5,
9,2022-02-01,T4,100,2/21/2022,Evelyn,Epliphium,5,
9,2022-02-01,T4,100,2/21/2022,Evelyn,Keratella,0,
9,2022-02-01,T4,100,2/21/2022,Evelyn,Bosmina,0,
9,2022-02-01,T4,100,2/21/2022,Evelyn,Ceriodaphnia,0,
9,2022-02-01,T4,100,2/21/2022,Evelyn,Daphnia,2,
9,2022-02-01,T4,100,2/21/2022,Evelyn,Mosquito larvae,18,
10,2022-02-01,T4,100,2/21/2022,Evelyn,Calanoid,6,
10,2022-02-01,T4,100,2/21/2022,Evelyn,Cyclopoid,0,
10,2022-02-01,T4,100,2/21/2022,Evelyn,Chironomid,0,
10,2022-02-01,T4,100,2/21/2022,Evelyn,Nauplii,10,
10,2022-02-01,T4,100,2/21/2022,Evelyn,Epliphium,15,
10,2022-02-01,T4,100,2/21/2022,Evelyn,Keratella,0,
10,2022-02-01,T4,100,2/21/2022,Evelyn,Bosmina,0,
10,2022-02-01,T4,100,2/21/2022,Evelyn,Ceriodaphnia,1,
10,2022-02-01,T4,100,2/21/2022,Evelyn,Daphnia,76,
10,2022-02-01,T4,100,2/21/2022,Evelyn,Mosquito larvae,2,
11,2022-02-01,T4,100,2/21/2022,Evelyn,Calanoid,0,
11,2022-02-01,T4,100,2/21/2022,Evelyn,Cyclopoid,0,
11,2022-02-01,T4,100,2/21/2022,Evelyn,Chironomid,1,
11,2022-02-01,T4,100,2/21/2022,Evelyn,Nauplii,2,
11,2022-02-01,T4,100,2/21/2022,Evelyn,Epliphium,5,
11,2022-02-01,T4,100,2/21/2022,Evelyn,Keratella,0,
11,2022-02-01,T4,100,2/21/2022,Evelyn,Bosmina,0,
11,2022-02-01,T4,100,2/21/2022,Evelyn,Ceriodaphnia,1,
11,2022-02-01,T4,100,2/21/2022,Evelyn,Daphnia,26,
11,2022-02-01,T4,100,2/21/2022,Evelyn,Mosquito larvae,2,
12,2022-02-01,T4,100,2/21/2022,Evelyn,Calanoid,1,
12,2022-02-01,T4,100,2/21/2022,Evelyn,Cyclopoid,0,
12,2022-02-01,T4,100,2/21/2022,Evelyn,Chironomid,0,
12,2022-02-01,T4,100,2/21/2022,Evelyn,Nauplii,0,
12,2022-02-01,T4,100,2/21/2022,Evelyn,Epliphium,7,
12,2022-02-01,T4,100,2/21/2022,Evelyn,Keratella,0,
12,2022-02-01,T4,100,2/21/2022,Evelyn,Bosmina,0,
12,2022-02-01,T4,100,2/21/2022,Evelyn,Ceriodaphnia,0,
12,2022-02-01,T4,100,2/21/2022,Evelyn,Daphnia,2,
12,2022-02-01,T4,100,2/21/2022,Evelyn,Mosquito larvae,1,
13,2022-02-01,T4,100,2/21/2022,Evelyn,Calanoid,0,
13,2022-02-01,T4,100,2/21/2022,Evelyn,Cyclopoid,0,
13,2022-02-01,T4,100,2/21/2022,Evelyn,Chironomid,3,
13,2022-02-01,T4,100,2/21/2022,Evelyn,Nauplii,5,
13,2022-02-01,T4,100,2/21/2022,Evelyn,Epliphium,8,
13,2022-02-01,T4,100,2/21/2022,Evelyn,Keratella,0,
13,2022-02-01,T4,100,2/21/2022,Evelyn,Bosmina,0,
13,2022-02-01,T4,100,2/21/2022,Evelyn,Ceriodaphnia,1,
13,2022-02-01,T4,100,2/21/2022,Evelyn,Daphnia,3,
13,2022-02-01,T4,100,2/21/2022,Evelyn,Mosquito larvae,7,
14,2022-02-01,T4,100,2/17/2022,Evelyn,Calanoid,3,
14,2022-02-01,T4,100,2/17/2022,Evelyn,Cyclopoid,1,
14,2022-02-01,T4,100,2/17/2022,Evelyn,Chironomid,1,
14,2022-02-01,T4,100,2/17/2022,Evelyn,Nauplii,14,
14,2022-02-01,T4,100,2/17/2022,Evelyn,Epliphium,39,
14,2022-02-01,T4,100,2/17/2022,Evelyn,Keratella,0,
14,2022-02-01,T4,100,2/17/2022,Evelyn,Bosmina,0,
14,2022-02-01,T4,100,2/17/2022,Evelyn,Ceriodaphnia,0,
14,2022-02-01,T4,100,2/17/2022,Evelyn,Daphnia,59,
14,2022-02-01,T4,100,2/17/2022,Evelyn,Mosquito larvae,3,
15,2022-02-01,T4,100,2/21/2022,Evelyn,Calanoid,1,
15,2022-02-01,T4,100,2/21/2022,Evelyn,Cyclopoid,0,
15,2022-02-01,T4,100,2/21/2022,Evelyn,Chironomid,0,
15,2022-02-01,T4,100,2/21/2022,Evelyn,Nauplii,0,
15,2022-02-01,T4,100,2/21/2022,Evelyn,Epliphium,0,
15,2022-02-01,T4,100,2/21/2022,Evelyn,Keratella,0,
15,2022-02-01,T4,100,2/21/2022,Evelyn,Bosmina,0,
15,2022-02-01,T4,100,2/21/2022,Evelyn,Ceriodaphnia,56,
15,2022-02-01,T4,100,2/21/2022,Evelyn,Daphnia,67,
15,2022-02-01,T4,100,2/21/2022,Evelyn,Mosquito larvae,0,
16,2022-02-01,T4,100,2/17/2022,Evelyn,Calanoid,1,
16,2022-02-01,T4,100,2/17/2022,Evelyn,Cyclopoid,0,
16,2022-02-01,T4,100,2/17/2022,Evelyn,Chironomid,0,
16,2022-02-01,T4,100,2/17/2022,Evelyn,Nauplii,3,
16,2022-02-01,T4,100,2/17/2022,Evelyn,Epliphium,133,
16,2022-02-01,T4,100,2/17/2022,Evelyn,Keratella,0,
16,2022-02-01,T4,100,2/17/2022,Evelyn,Bosmina,0,
16,2022-02-01,T4,100,2/17/2022,Evelyn,Ceriodaphnia,0,
16,2022-02-01,T4,100,2/17/2022,Evelyn,Daphnia,68,
16,2022-02-01,T4,100,2/17/2022,Evelyn,Mosquito larvae,7,
17,2022-02-01,T4,100,2/19/2022,Ariana,Calanoid,6,
17,2022-02-01,T4,100,2/19/2022,Ariana,Cyclopoid,0,
17,2022-02-01,T4,100,2/19/2022,Ariana,Nauplii,0,
17,2022-02-01,T4,100,2/19/2022,Ariana,Chironomid,0,
17,2022-02-01,T4,100,2/19/2022,Ariana,Keratella,0,
17,2022-02-01,T4,100,2/19/2022,Ariana,Kellicottia,0,
17,2022-02-01,T4,100,2/19/2022,Ariana,Asplanchna,0,
17,2022-02-01,T4,100,2/19/2022,Ariana,Bosmina,0,
17,2022-02-01,T4,100,2/19/2022,Ariana,Ceriodaphnia,0,
17,2022-02-01,T4,100,2/19/2022,Ariana,Daphnia,72,
17,2022-02-01,T4,100,2/19/2022,Ariana,Mosquito Larvae,5,
17,2022-02-01,T4,100,2/19/2022,Ariana,Ephipium,141,
17,2022-02-01,T4,100,2/19/2022,Ariana,Unknown 5,1,
18,2022-02-01,T4,100,2/19/2022,Ariana,Calanoid,12,
18,2022-02-01,T4,100,2/19/2022,Ariana,Cyclopoid,0,
18,2022-02-01,T4,100,2/19/2022,Ariana,Nauplii,15,
18,2022-02-01,T4,100,2/19/2022,Ariana,Chironomid,0,
18,2022-02-01,T4,100,2/19/2022,Ariana,Keratella,0,
18,2022-02-01,T4,100,2/19/2022,Ariana,Kellicottia,0,
18,2022-02-01,T4,100,2/19/2022,Ariana,Asplanchna,0,
18,2022-02-01,T4,100,2/19/2022,Ariana,Bosmina,0,
18,2022-02-01,T4,100,2/19/2022,Ariana,Ceriodaphnia,0,
18,2022-02-01,T4,100,2/19/2022,Ariana,Daphnia,398,
18,2022-02-01,T4,100,2/19/2022,Ariana,Mosquito Larvae,6,
18,2022-02-01,T4,100,2/19/2022,Ariana,Ephipium,23,
18,2022-02-01,T4,100,2/19/2022,Ariana,Unknown 6,1,
18,2022-02-01,T4,100,2/19/2022,Ariana,Unknown 7,1,
19,2022-02-01,T4,100,2/21/2022,Evelyn,Calanoid,1,
19,2022-02-01,T4,100,2/21/2022,Evelyn,Cyclopoid,0,
19,2022-02-01,T4,100,2/21/2022,Evelyn,Chironomid,0,
19,2022-02-01,T4,100,2/21/2022,Evelyn,Nauplii,10,
19,2022-02-01,T4,100,2/21/2022,Evelyn,Epliphium,22,
19,2022-02-01,T4,100,2/21/2022,Evelyn,Keratella,0,
19,2022-02-01,T4,100,2/21/2022,Evelyn,Bosmina,0,
19,2022-02-01,T4,100,2/21/2022,Evelyn,Ceriodaphnia,135,
19,2022-02-01,T4,100,2/21/2022,Evelyn,Daphnia,3,
19,2022-02-01,T4,100,2/21/2022,Evelyn,Mosquito larvae,2,
20,2022-02-01,T4,100,2/17/2022,Luke Willett,Calanoid,2,
20,2022-02-01,T4,100,2/17/2022,Luke Willett,Cyclopoid,0,
20,2022-02-01,T4,100,2/17/2022,Luke Willett,Chironomid,0,
20,2022-02-01,T4,100,2/17/2022,Luke Willett,Nauplii,8,
20,2022-02-01,T4,100,2/17/2022,Luke Willett,Kellicottia,0,
20,2022-02-01,T4,100,2/17/2022,Luke Willett,Keratella,0,
20,2022-02-01,T4,100,2/17/2022,Luke Willett,Daphnia,2,
20,2022-02-01,T4,100,2/17/2022,Luke Willett,Mosquito larvae,6,
20,2022-02-01,T4,100,2/17/2022,Luke Willett,Mayfly,0,
21,2022-02-01,T4,100,2/17/2022,Luke Willett,Calanoid,0,
21,2022-02-01,T4,100,2/17/2022,Luke Willett,Cyclopoid,3,
21,2022-02-01,T4,100,2/17/2022,Luke Willett,Chironomid,0,
21,2022-02-01,T4,100,2/17/2022,Luke Willett,Nauplii,56,
21,2022-02-01,T4,100,2/17/2022,Luke Willett,Kellicottia,0,
21,2022-02-01,T4,100,2/17/2022,Luke Willett,Keratella,0,
21,2022-02-01,T4,100,2/17/2022,Luke Willett,Daphnia,9,
21,2022-02-01,T4,100,2/17/2022,Luke Willett,Mosquito larvae,1,
21,2022-02-01,T4,100,2/17/2022,Luke Willett,Mayfly,0,
22,2022-02-01,T4,100,2/17/2022,Luke Willett,Calanoid,0,
22,2022-02-01,T4,100,2/17/2022,Luke Willett,Cyclopoid,1,
22,2022-02-01,T4,100,2/17/2022,Luke Willett,Chironomid,0,
22,2022-02-01,T4,100,2/17/2022,Luke Willett,Nauplii,7,
22,2022-02-01,T4,100,2/17/2022,Luke Willett,Kellicottia,0,
22,2022-02-01,T4,100,2/17/2022,Luke Willett,Keratella,0,
22,2022-02-01,T4,100,2/17/2022,Luke Willett,Daphnia,60,
22,2022-02-01,T4,100,2/17/2022,Luke Willett,Mosquito larvae,1,
22,2022-02-01,T4,100,2/17/2022,Luke Willett,Mayfly,0,Terrestrial Bug
23,2022-02-01,T4,100,2/21/2022,Evelyn,Calanoid,0,
23,2022-02-01,T4,100,2/21/2022,Evelyn,Cyclopoid,0,
23,2022-02-01,T4,100,2/21/2022,Evelyn,Chironomid,1,
23,2022-02-01,T4,100,2/21/2022,Evelyn,Nauplii,6,
23,2022-02-01,T4,100,2/21/2022,Evelyn,Epliphium,4,
23,2022-02-01,T4,100,2/21/2022,Evelyn,Keratella,0,
23,2022-02-01,T4,100,2/21/2022,Evelyn,Bosmina,0,
23,2022-02-01,T4,100,2/21/2022,Evelyn,Ceriodaphnia,0,
23,2022-02-01,T4,100,2/21/2022,Evelyn,Daphnia,0,
23,2022-02-01,T4,100,2/21/2022,Evelyn,Mosquito larvae,0,A bit difficult to count
24,2022-02-01,T4,100,2/21/2022,Evelyn,Calanoid,0,
24,2022-02-01,T4,100,2/21/2022,Evelyn,Cyclopoid,0,
24,2022-02-01,T4,100,2/21/2022,Evelyn,Chironomid,1,Terrestrial Bug
24,2022-02-01,T4,100,2/21/2022,Evelyn,Nauplii,1,Terrestrial Bug
24,2022-02-01,T4,100,2/21/2022,Evelyn,Epliphium,92,
24,2022-02-01,T4,100,2/21/2022,Evelyn,Keratella,0,
24,2022-02-01,T4,100,2/21/2022,Evelyn,Bosmina,0,
24,2022-02-01,T4,100,2/21/2022,Evelyn,Ceriodaphnia,0,
24,2022-02-01,T4,100,2/21/2022,Evelyn,Daphnia,118,
24,2022-02-01,T4,100,2/21/2022,Evelyn,Mosquito larvae,6,
25,2022-02-01,T4,100,2/17/2022,Luke Willett,Calanoid,0,
25,2022-02-01,T4,100,2/17/2022,Luke Willett,Cyclopoid,0,
25,2022-02-01,T4,100,2/17/2022,Luke Willett,Chironomid,0,
25,2022-02-01,T4,100,2/17/2022,Luke Willett,Nauplii,8,
25,2022-02-01,T4,100,2/17/2022,Luke Willett,Kellicottia,0,
25,2022-02-01,T4,100,2/17/2022,Luke Willett,Keratella,0,
25,2022-02-01,T4,100,2/17/2022,Luke Willett,Daphnia,2,Terrestrial Bug
25,2022-02-01,T4,100,2/17/2022,Luke Willett,Mosquito larvae,0,
25,2022-02-01,T4,100,2/17/2022,Luke Willett,Mayfly,1,
26,2022-02-01,T4,100,2/17/2022,Luke Willett,Calanoid,0,
26,2022-02-01,T4,100,2/17/2022,Luke Willett,Cyclopoid,0,
26,2022-02-01,T4,100,2/17/2022,Luke Willett,Chironomid,0,
26,2022-02-01,T4,100,2/17/2022,Luke Willett,Nauplii,5,
26,2022-02-01,T4,100,2/17/2022,Luke Willett,Kellicottia,0,
26,2022-02-01,T4,100,2/17/2022,Luke Willett,Keratella,0,
26,2022-02-01,T4,100,2/17/2022,Luke Willett,Daphnia,49,
26,2022-02-01,T4,100,2/17/2022,Luke Willett,Mosquito larvae,0,
26,2022-02-01,T4,100,2/17/2022,Luke Willett,Mayfly,0,
27,2022-02-01,T4,100,2/21/2022,Evelyn,Calanoid,0,
27,2022-02-01,T4,100,2/21/2022,Evelyn,Cyclopoid,0,
27,2022-02-01,T4,100,2/21/2022,Evelyn,Chironomid,4,
27,2022-02-01,T4,100,2/21/2022,Evelyn,Nauplii,2,
27,2022-02-01,T4,100,2/21/2022,Evelyn,Epliphium,10,
27,2022-02-01,T4,100,2/21/2022,Evelyn,Keratella,0,
27,2022-02-01,T4,100,2/21/2022,Evelyn,Bosmina,0,
27,2022-02-01,T4,100,2/21/2022,Evelyn,Ceriodaphnia,0,
27,2022-02-01,T4,100,2/21/2022,Evelyn,Daphnia,1,
27,2022-02-01,T4,100,2/21/2022,Evelyn,Mosquito larvae,2,
28,2022-02-01,T4,100,2/21/2022,Evelyn,Calanoid,0,
28,2022-02-01,T4,100,2/21/2022,Evelyn,Cyclopoid,1,
28,2022-02-01,T4,100,2/21/2022,Evelyn,Chironomid,1,
28,2022-02-01,T4,100,2/21/2022,Evelyn,Nauplii,0,
28,2022-02-01,T4,100,2/21/2022,Evelyn,Epliphium,45,
28,2022-02-01,T4,100,2/21/2022,Evelyn,Keratella,0,
28,2022-02-01,T4,100,2/21/2022,Evelyn,Bosmina,0,
28,2022-02-01,T4,100,2/21/2022,Evelyn,Ceriodaphnia,0,
28,2022-02-01,T4,100,2/21/2022,Evelyn,Daphnia,45,
28,2022-02-01,T4,100,2/21/2022,Evelyn,Mosquito larvae,9,
29,2022-02-01,T4,100,2/19/2022,Ariana,Calanoid,0,
29,2022-02-01,T4,100,2/19/2022,Ariana,Cyclopoid,0,
29,2022-02-01,T4,100,2/19/2022,Ariana,Nauplii,0,
29,2022-02-01,T4,100,2/19/2022,Ariana,Chironomid,0,
29,2022-02-01,T4,100,2/19/2022,Ariana,Keratella,0,
29,2022-02-01,T4,100,2/19/2022,Ariana,Kellicottia,0,
29,2022-02-01,T4,100,2/19/2022,Ariana,Asplanchna,0,
29,2022-02-01,T4,100,2/19/2022,Ariana,Bosmina,0,
29,2022-02-01,T4,100,2/19/2022,Ariana,Ceriodaphnia,0,
29,2022-02-01,T4,100,2/19/2022,Ariana,Daphnia,4,
29,2022-02-01,T4,100,2/19/2022,Ariana,Mosquito Larvae,0,
29,2022-02-01,T4,100,2/19/2022,Ariana,Ephipium,44,
29,2022-02-01,T4,100,2/19/2022,Ariana,Unknown 7,2,
30,2022-02-01,T4,100,2/21/2022,Evelyn,Calanoid,0,
30,2022-02-01,T4,100,2/21/2022,Evelyn,Cyclopoid,0,
30,2022-02-01,T4,100,2/21/2022,Evelyn,Chironomid,2,
30,2022-02-01,T4,100,2/21/2022,Evelyn,Nauplii,1,
30,2022-02-01,T4,100,2/21/2022,Evelyn,Epliphium,0,
30,2022-02-01,T4,100,2/21/2022,Evelyn,Mayfly larvae,1,
30,2022-02-01,T4,100,2/21/2022,Evelyn,Bosmina,0,
30,2022-02-01,T4,100,2/21/2022,Evelyn,Ceriodaphnia,0,
30,2022-02-01,T4,100,2/21/2022,Evelyn,Daphnia,0,
30,2022-02-01,T4,100,2/21/2022,Evelyn,Mosquito larvae,5,
